SiteID,FRichness,FEvenness,FDivergence
s2lam001_230713,9.690124465028044,0.539125749086801,0.6728353629915153
s2lam001_230725,43.350556817230725,0.5583384213267265,0.6859434210748926
s2lam001_230802,22.440288234801788,0.5538300908502036,0.7168006240056676
s2lam001_230809,161.1620700499401,0.5670533694652199,0.7829829134218153
s2lam001_230815,201.96259411321608,0.5935734354772618,0.8542547296164985
s2lam001_231001,183.60235828474188,0.5521530570490059,0.7374998705791405
s2lam001_231013,99.96128395502615,0.5807553810508962,0.8128989797050108
s2lam001_231025,82.1110546773429,0.5419933064871297,0.7506266818880454
s2lam001_231117,314.16403528722503,0.5734960915526032,0.7727242016897786
s2lam002_230807,98.43126430265329,0.5834192417781094,0.8288061993976419
s2lam002_231011,26.520340641129383,0.4604733187278674,0.8353311795549678
s2lam002_231103,146.8818866277935,0.5922143817725258,0.6628517878787366
s2lam002_231115,103.5313298105628,0.5276634264901103,0.7809943005700278
s2lam002_231127,110.16141497084513,0.5839112097759706,0.7463817466387197
s2lam003_230705,8.670111363446145,0.5135921313371923,0.7779171942371443
s2lam003_230710,31.11039959824793,0.5129955934965337,0.7041902487102917
s2lam003_230807,96.3912380994895,0.5364656881427504,0.7868226541934051
s2lam003_230823,7.140091711073296,0.6051797816190612,0.7570688125190611
s2lam003_231011,64.77083195045061,0.5242520459994237,0.7264243759947446
s2lam003_231103,31.11039959824793,0.5246380697061014,0.8135448727491982
s2lam003_231115,8.160104812655195,0.5698627229068488,0.7842647777012848
s2lam003_231127,20.910268582428937,0.5281701854898181,0.8234724543218728
s2lam005_230725,57.63074023937732,0.5130632373948248,0.7617630177060521
s2lam005_231113,43.350556817230725,0.5687427168713274,0.7071718561884138
s2lam006_230705,17.85022927768324,0.5600811947272163,0.6556516197785528
s2lam006_230710,11.730150668191843,0.5362522180925984,0.5264459734279697
s2lam006_230808,20.910268582428937,0.4936610238098717,0.8178164159032305
s2lam006_230823,112.20144117400893,0.5532783029499642,0.8118350159242624
s2lam006_231011,70.89091055994201,0.5544223718341434,0.6862653285857809
s2lam006_231103,8.670111363446145,0.6771828078746912,0.6926059567551323
s2lam006_231115,9.690124465028044,0.5710194187338181,0.8150394073491757
s2lam006_231127,55.080707485422565,0.576176700892607,0.8200540613400469
s2lam010_230807,23.460301336383687,0.5463577744811118,0.8546428545506665
s2lam010_231011,30.09038649666603,0.500766516096095,0.8325245432505124
s2lam010_231103,16.32020962531039,0.5471228935683079,0.6376532318822027
s2lam010_231115,20.910268582428937,0.5281055049503193,0.6785943722708195
s2lam010_231127,87.72112673604335,0.5675978327069189,0.6965207944203824
s2lam015_230705,30.09038649666603,0.5993841878675968,0.8346558360661402
s2lam015_230710,13.260170320564692,0.5993439565020952,0.7154223389130114
s2lam015_230907,33.15042580141173,0.4933974067477347,0.8237523578303959
s2lam015_231018,51.51066162988592,0.5323767510031311,0.746285317756347
s2lam015_231107,162.69208970231296,0.5995180590494301,0.7029766028239852
s2lam015_231118,5.610072058700447,0.5374598320490482,0.8384297846004987
s2lam015_231128,94.86121844711664,0.615568261082773,0.7720522193739566
s2lam016_230703,45.90058957118547,0.5583479137710299,0.7175517503135522
s2lam016_230711,28.560366844293185,0.5461075954560725,0.721235628765316
s2lam016_230718,67.32086470440537,0.508615860789618,0.8231533485396169
s2lam016_230725,9.180117914237094,0.5584696098900539,0.6919241434323606
s2lam016_230804,73.44094331389675,0.5636082530366212,0.7815508514919791
s2lam016_230811,89.2511463884162,0.6026985385940061,0.7729436690259085
s2lam016_230818,166.77214210864054,0.5878313780771851,0.7808667087014645
s2lam016_230829,106.59136911530848,0.5891414946202511,0.7500941001566347
s2lam016_231011,45.39058302039452,0.5589278037719394,0.6595895373549079
s2lam016_231020,41.820537164857875,0.6136051545445085,0.7538683897337228
s2lam016_231027,67.83087125519631,0.5718313886526828,0.7489486694376352
s2lam016_231103,23.970307887174634,0.6431368639543371,0.8283064310029992
s2lam016_231110,94.86121844711664,0.5602357846262831,0.7452143996862232
s2lam016_231117,15.81020307451944,0.516177958746228,0.5022175085008557
s2lam016_231125,112.71144772479988,0.5759625956535545,0.7818849205024332
s2lam017_230622,68.85088435677821,0.5936161868815852,0.8228749938559116
s2lam017_230710,43.350556817230725,0.5589781048806592,0.7604680425086584
s2lam017_230807,129.54166390090123,0.5910713594455215,0.8276182125924423
s2lam017_230823,8.670111363446145,0.5614737469433607,0.8085778904186861
s2lam017_231027,14.280183422146592,0.48916804437702854,0.7263010882830766
s2lam017_231108,26.520340641129383,0.5619869215734826,0.7852258425245046
s2lam017_231118,2.040026203163799,0.7664659633650954,0.9088464265861278
s2lam017_231128,46.92060267276737,0.5619484411332885,0.7718855887745657
s2lam020_230712,27.030347191920335,0.529272587856899,0.776789203717113
s2lam020_230727,64.26082539965967,0.5411302370978214,0.7785141003601369
s2lam020_230810,32.13041269982983,0.584979016881727,0.8230092060284709
s2lam020_231010,47.94061577434927,0.5915977141393378,0.6472843438887362
s2lam020_231028,6.120078609491396,0.576450296059868,0.8036290284262871
s2lam020_231117,117.30150668191843,0.5916663890400289,0.7194675883702204
s2lam020_231125,96.90124465028045,0.5281927279345887,0.7587859935989982
s2lam021_230718,38.25049130932123,0.4628506286341532,0.8268962773538114
s2lam021_230810,20.910268582428937,0.5705125797564198,0.8029436052898793
s2lam021_231110,64.77083195045061,0.5639207976805921,0.7333496618420275
s2lam021_231117,135.15173595960167,0.5851501594772367,0.7990025841195865
s2lam021_231125,139.23178836592928,0.5863921615613137,0.7441563499817193
s2lam022_230707,48.45062232514022,0.5794550536901875,0.8264405456469364
s2lam022_230714,11.220144117400894,0.4829904285793349,0.8077797373155439
s2lam022_230726,40.290517512485025,0.5178979401769317,0.7991886654885066
s2lam022_230808,42.84055026643978,0.5449919908237497,0.7140707145915949
s2lam022_231010,30.09038649666603,0.5962251233477661,0.6913710364249511
s2lam022_231019,52.53067473146782,0.5451049434965922,0.7402250121392515
s2lam022_231106,23.970307887174634,0.5058453630451621,0.6709058218253205
s2lam023_230712,133.11170975643788,0.5475541047614518,0.8253049887700942
s2lam023_230727,71.91092366152391,0.5959739191108442,0.7488159725066524
s2lam023_230810,10.710137566609944,0.5869729587165575,0.8021933655328237
s2lam023_231010,46.410596121976425,0.5925138867431726,0.6915764335420701
s2lam023_231028,10.710137566609944,0.510530036391212,0.6542510350704819
s2lam023_231117,38.25049130932123,0.5700549836902159,0.6595985604648595
s2lam024_230808,83.64107432971575,0.5546776644077647,0.8342370514179046
s2lam024_230822,110.16141497084513,0.5509959375230331,0.7701053947392444
s2lam025_230721,116.28149358033653,0.5353431584514223,0.7841451947702827
s2lam025_230815,160.1420569483582,0.5688859902634847,0.816232708064695
s2lam025_231109,147.39189317858447,0.5757864231836679,0.751040815107711
s2lam026_230605,67.32086470440537,0.531007661769163,0.7495279111488257
s2lam026_230630,6.120078609491396,0.6097872120761435,0.9001904002840371
s2lam026_230705,92.82119224395285,0.5277503291940403,0.8695263413821922
s2lam026_230725,79.0510153725972,0.5414091475971178,0.880722425571696
s2lam026_230807,8.160104812655195,0.5745998518755906,0.5420023941211596
s2lam026_230812,37.23047820773933,0.5769234403384381,0.7683626279049437
s2lam026_230822,77.52099572022435,0.5687365252890286,0.8106028693536347
s2lam026_231010,26.010334090338436,0.5141562615351641,0.6435225599488785
s2lam026_231029,5.610072058700447,0.34388586951689143,0.7243396516347217
s2lam026_231117,106.59136911530848,0.5918959031850964,0.7020057825987782
s2lam026_231125,422.28542405490634,0.581892034815755,0.7954991196018367
s2lam027_230705,14.280183422146592,0.5151435249680126,0.7538738233597442
s2lam027_230710,17.85022927768324,0.5761903271799014,0.8189281082619657
s2lam027_230807,85.68110053287955,0.5710717256029947,0.7420152524288265
s2lam027_231103,53.04068128225877,0.5192908893289853,0.8151672400120683
s2lam027_231115,4.080052406327598,0.6434182881665237,0.8957157443199268
s2lam027_231127,116.28149358033653,0.5409059572392967,0.7800032593806209
s2lam029_230714,46.92060267276737,0.5172399686713224,0.7419047031046919
s2lam029_230726,58.65075334095921,0.5112094957463883,0.7892571246917766
s2lam029_230808,32.64041925062078,0.5566685359880433,0.8270297224098024
s2lam029_231010,87.72112673604335,0.6071885803535252,0.7869272163002485
s2lam029_231019,61.200786094913965,0.5146752996568729,0.8565270149938996
s2lam029_231106,20.910268582428937,0.5370902668098589,0.7630351256811846
s2lam029_231114,21.42027513321989,0.6137462154132376,0.6732999539028454
s2lam030_230704,22.950294785592735,0.46903653079677293,0.7378304707965887
s2lam030_230805,23.460301336383687,0.5694987645124827,0.7553553525391963
s2lam030_230811,56.10072058700447,0.49992089139719714,0.8198490628685166
s2lam030_230826,83.1310677789248,0.5894654303940375,0.7580323729804584
s2lam030_231025,88.2311332868343,0.6335266917530301,0.789610152251136
s2lam030_231031,59.16075989175017,0.5109072749730483,0.6690939057928691
s2lam030_231106,151.47194558491205,0.5445266975565317,0.7492597258935281
s2lam032_230714,189.21243034344235,0.5679844454599222,0.746506119921394
s2lam032_230726,195.84251550372468,0.5556304335887656,0.8348995992655086
s2lam032_230808,139.23178836592928,0.5520149207014406,0.7918340778611487
s2lam032_230822,2.040026203163799,0.7055679828522048,0.763934235213173
s2lam032_231010,159.63205039756727,0.5562822093593667,0.8278676546941894
s2lam032_231019,94.86121844711664,0.5597816754159027,0.790061863070301
s2lam032_231106,106.59136911530848,0.5432648838090506,0.6900746785241751
s2lam037_230705,29.070373395084133,0.4318833383020912,0.8431202778149901
s2lam037_230805,10.710137566609944,0.5390444138644401,0.73020758798210506
s2lam037_230812,19.89025548084704,0.6725398143232365,0.7415580395019093
s2lam037_230826,12.750163769773742,0.6123961782878848,0.7860877614132666
s2lam037_231025,24.480314437965585,0.5359188791655537,0.8437637086268345
s2lam037_231031,64.77083195045061,0.5551598503075372,0.8339848029530041
s2lam037_231106,34.68044545378458,0.566069060823254,0.7413818630335651
s2lam038_230703,62.22079919649586,0.5939069741708738,0.8042713846477901
s2lam038_230711,24.990320988756537,0.5176461412763415,0.7875757383333782
s2lam038_230718,15.81020307451944,0.6441756316893141,0.750274942304037
s2lam038_230725,93.84120534553475,0.588643787397684,0.7603386240856266
s2lam038_230804,72.9309367631058,0.6034307184897767,0.7246987083642319
s2lam038_230811,135.15173595960167,0.6259203566278445,0.7903814115364133
s2lam038_230819,133.6217163072288,0.5983764208490091,0.6961314772330791
s2lam038_230829,71.91092366152391,0.6028517576235642,0.6996883226920246
s2lam038_231011,49.47063542672212,0.6081843627701717,0.7350564089984878
s2lam038_231020,39.78051096169408,0.5684994545963542,0.772225252383577
s2lam038_231027,4.590058957118547,0.6140215355285542,0.678907186159795
s2lam038_231103,33.15042580141173,0.5690333788890386,0.6638884786732079
s2lam038_231110,63.75081884886871,0.5687542254521986,0.6369155485009936
s2lam038_231117,41.31053061406693,0.5883695646925962,0.7696669358881556
s2lam038_231125,5.610072058700447,0.5605667755724005,0.6461101763426532
s2lam038_231130,65.28083850124156,0.5616978538940706,0.7799718836302408
s2lam039_230613,19.380248930056087,0.5120822647495954,0.7643716314536544
s2lam039_230622,10.200131015818993,0.6371505106968655,0.8191063562618813
s2lam039_230712,3.060039304745698,0.8119285818943882,0.7783248881144638
s2lam039_231005,56.610727137795415,0.5796967399366859,0.6452636059180369
s2lam039_231013,49.98064197751307,0.5980085325097811,0.8526226409072878
s2lam039_231026,39.27050441090313,0.5923377242525922,0.7711462593138965
s2lam040_230617,88.74113983762524,0.5280041791690534,0.8179682893507086
s2lam040_230703,18.87024237926514,0.6201703553709983,0.7295927995447351
s2lam040_230711,10.200131015818993,0.5763822540643753,0.7471078171041684
s2lam040_230718,140.25180146751117,0.5951013176383017,0.761364283259538
s2lam040_230725,96.90124465028045,0.6045400579338874,0.7990600149850564
s2lam040_230804,78.54100882180626,0.5848855914745382,0.7962391313452153
s2lam040_230811,89.76115293920715,0.5939753845451079,0.8036715102855884
s2lam040_230818,102.00131015818994,0.588474609062802,0.7612846861076703
s2lam040_230829,66.8108581536144,0.5640440775629704,0.5925448676003151
s2lam040_231011,60.69077954412301,0.5409854656704604,0.7002892070519022
s2lam040_231020,58.140746790168265,0.5714967929153284,0.7364222400244366
s2lam040_231027,106.08136256451753,0.5435181382769763,0.7707439194977549
s2lam040_231103,44.37056991881262,0.5776639854438825,0.7525156646227014
s2lam040_231110,140.7618080183021,0.5709573765648998,0.7532608303031323
s2lam040_231117,47.43060922355832,0.648223159507115,0.7002142828174585
s2lam040_231125,84.1510808805067,0.5340179653197243,0.756910567460255
s2lam040_231130,119.85153943587318,0.5892949407245318,0.7748738880507792
s2lam041_230617,37.74048475853028,0.5974842526600277,0.7193784446329846
s2lam041_230703,68.34087780598726,0.5378247470115229,0.7525038440278365
s2lam041_230711,34.17043890299363,0.5750718717601019,0.7695883116379005
s2lam041_230718,26.010334090338436,0.6190366230875121,0.6981399415092981
s2lam041_230804,59.670766442541115,0.5668892032285464,0.7987252325595369
s2lam041_230811,102.00131015818994,0.6179823547230769,0.7776494784588432
s2lam041_230818,7.140091711073296,0.62642568747358,0.81093504636268
s2lam041_231004,55.59071403621352,0.6163108458664298,0.7605371721440695
s2lam041_231011,4.590058957118547,0.6686270899117122,0.8933656606074403
s2lam041_231020,42.33054371564882,0.549338554740359,0.7663606001863118
s2lam041_231027,37.74048475853028,0.5291913528252634,0.826699191174301
s2lam041_231103,37.23047820773933,0.6280543482093125,0.8205268127736439
s2lam041_231110,96.90124465028045,0.5729999728342209,0.6786590088898851
s2lam041_231117,65.79084505203251,0.614896066694561,0.7681879572079469
s2lam041_231125,29.070373395084133,0.5855190996776847,0.7623552335632691
s2lam041_231130,89.76115293920715,0.5853373067734958,0.8206217342583463
s2lam042_230705,36.21046510615743,0.48717744546538866,0.8684887423552676
s2lam042_230710,40.290517512485025,0.5436686897985543,0.8406557289612347
s2lam042_230805,16.32020962531039,0.5334945854315557,0.8007580428822254
s2lam042_230812,51.00065507909497,0.5377651047932341,0.7430828118431019
s2lam042_230826,46.92060267276737,0.5495236404376921,0.8037013273412857
s2lam042_231025,117.81151323270937,0.5563447203579434,0.8088246298598628
s2lam042_231031,73.44094331389675,0.56711289842793,0.8184963905364295
s2lam042_231106,79.0510153725972,0.5553258999189556,0.7705637996666024
s2lam044_230613,162.69208970231296,0.5576196101225569,0.7340426467768181
s2lam044_230622,81.60104812655194,0.5765032796213725,0.8088997317386093
s2lam044_230809,18.360235828474188,0.5319861106515952,0.8740199015391921
s2lam044_230815,55.080707485422565,0.579815790360825,0.7614358812201303
s2lam044_230930,128.01164424852837,0.5691474174967917,0.7686878506332084
s2lam044_231026,73.9509498646877,0.5527245362634885,0.7165587325618099
s2lam044_231117,104.04133636135374,0.5891556816770422,0.7591175209340942
s2lam044_231130,62.730805747286816,0.6004606537811759,0.7294914506717655
s2lam045_230705,88.74113983762524,0.44259421432587354,0.8579749091178176
s2lam045_230725,123.93159184220077,0.5602895587601446,0.738552913395606
s2lam045_230808,115.26148047875463,0.5917646221302918,0.7837477378434907
s2lam045_231011,60.18077299333206,0.5381851567062311,0.6933759408030548
s2lam045_231016,26.520340641129383,0.5861237662140624,0.7379646430837368
s2lam045_231022,171.87220761655004,0.5778540030216704,0.7901684708549909
s2lam045_231028,29.580379945875084,0.5647096781330668,0.7323880034866342
s2lam045_231110,17.34022272689229,0.48932089133792994,0.8124328642747132
s2lam045_231117,92.82119224395285,0.5315516990450144,0.8574789194941008
s2lam046_230705,13.260170320564692,0.4679062666330488,0.754733158208557
s2lam046_230805,38.760497860112174,0.4869557684233069,0.8648581605893131
s2lam046_230812,134.64172940881073,0.5689256845639044,0.7709719752577432
s2lam046_230826,14.280183422146592,0.5022866293243924,0.7215682690913738
s2lam046_231025,28.050360293502234,0.47669521506754975,0.848344848436187
s2lam046_231031,12.750163769773742,0.6375075738460387,0.7707779343280189
s2lam046_231106,232.0529806098821,0.5905585642623008,0.7441906273778621
s2lam047_230703,43.86056336802167,0.43670654184066243,0.8668211065885082
s2lam047_230807,71.91092366152391,0.5495673624702133,0.8215678863476293
s2lam047_230823,113.73146082638178,0.5659064069825482,0.8051015405694558
s2lam047_231107,46.410596121976425,0.47389821746800465,0.6501038888997109
s2lam047_231128,74.97096296626961,0.4834684707366382,0.8660733221976675
s2lam049_230613,20.910268582428937,0.6016397549761604,0.6817465945468416
s2lam049_230622,49.47063542672212,0.5504985712942818,0.7182690984586693
s2lam049_230712,40.290517512485025,0.5015797068873147,0.8036101178273337
s2lam049_230809,87.72112673604335,0.6003581991648536,0.7157297720551269
s2lam049_230815,15.81020307451944,0.5705472308919459,0.7780527842054733
s2lam049_230930,85.17109398208859,0.5881742185633471,0.7797184014823022
s2lam049_231026,12.750163769773742,0.5110327455409535,0.6894655229244715
s2lam049_231130,1.530019652372849,0.49810164198036627,0.9091374051260952
s2lam050_230705,47.43060922355832,0.5734090705705088,0.7043620457604871
s2lam050_230805,33.15042580141173,0.4825158643070616,0.7451509138495268
s2lam050_230812,10.200131015818993,0.5966739820947128,0.7548058777800043
s2lam050_230826,177.99228622604144,0.5877805349217965,0.7325258845093308
s2lam051_230702,13.770176871355641,0.611556690273657,0.7398219188714815
s2lam051_230710,6.630085160282346,0.6026721539089462,0.8413141825753941
s2lam051_230717,240.72309197332825,0.5723912341859841,0.7520134573414762
s2lam051_230820,8.160104812655195,0.5889376974754431,0.6940188867276919
s2lam051_231010,56.610727137795415,0.5709398519291954,0.8306994341721522
s2lam051_231030,98.43126430265329,0.6018958422000515,0.7913028611552503
s2lam051_231113,99.45127740423519,0.5696651771250173,0.7517524293391595
s2lam052_230702,70.38090400915105,0.528601824571148,0.8543808523920359
s2lam052_230710,2.040026203163799,0.5199351612190931,0.29649038776310654
s2lam052_230717,113.73146082638178,0.5153505874879689,0.7412434141704581
s2lam052_230820,10.710137566609944,0.43100925765561143,0.9288456615578531
s2lam052_231011,127.50163769773742,0.5353763742766119,0.7530163716170574
s2lam052_231103,75.48096951706056,0.5806350245841722,0.6876756093460538
s2lam052_231115,82.62106122813385,0.5738774466147201,0.7083657129778732
s2lam052_231128,143.31184077225686,0.5598721138452444,0.7995000719915819
s2lam054_230605,37.23047820773933,0.5457908217451021,0.7236583745730347
s2lam054_230630,93.84120534553475,0.5453764047415235,0.7972247282254034
s2lam054_230705,14.280183422146592,0.49208271922161473,0.6160565731755716
s2lam054_230725,162.69208970231296,0.5991127655106813,0.7766948234051152
s2lam054_230807,144.33185387383875,0.6011890137395178,0.7902936422630893
s2lam054_230812,115.77148702954558,0.5593848065835964,0.73574460881298
s2lam054_230822,59.670766442541115,0.5835015981088016,0.7690982513649507
s2lam055_230705,177.48227967525048,0.5327134963084423,0.8203254850675082
s2lam055_230710,13.770176871355641,0.5826340854315207,0.7171807994192162
s2lam055_230907,52.53067473146782,0.543799812235997,0.7179439102343024
s2lam055_231018,120.87155253745507,0.5602917086772263,0.771515084860483
s2lam056_230705,15.81020307451944,0.4460574896623808,0.6180351590081934
s2lam056_230710,74.97096296626961,0.6395679527468903,0.7040464035250867
s2lam056_230907,131.58169010406502,0.5802766956540025,0.7490463245923267
s2lam056_231018,139.23178836592928,0.5850529273684903,0.7837750885455756
s2lam056_231107,27.030347191920335,0.5983395903210508,0.8545668390844574
s2lam056_231118,27.540353742711282,0.5860355815946934,0.6870854136402533
s2lam056_231128,69.8708974583601,0.5273366017734114,0.8040017992682283
s2lam057_230807,176.97227312445955,0.5258514399361857,0.8087587140045294
s2lam057_231011,86.70111363446145,0.5478817142773272,0.7886102769024576
s2lam058_230605,13.770176871355641,0.5175690728244311,0.7406735992413844
s2lam058_230630,44.880576469603575,0.575225482319103,0.7525234759740556
s2lam058_230705,89.2511463884162,0.5445131084556373,0.8679076371592069
s2lam058_230725,62.730805747286816,0.5848326057626131,0.7820987525636879
s2lam058_230811,52.53067473146782,0.558470603446673,0.7751243361264993
s2lam058_231010,22.950294785592735,0.5566626389669685,0.5634294945103672
s2lam058_231016,23.460301336383687,0.41875933181982244,0.8626042539342447
s2lam058_231022,117.81151323270937,0.606947995324699,0.7458253912183551
s2lam058_231028,11.730150668191843,0.5059608031510352,0.7384489076763474
s2lam058_231110,25.500327539547484,0.554732791965711,0.7042601727108814
s2lam058_231117,6.630085160282346,0.7112038498289954,0.7577723691766398
s2lam059_230704,10.200131015818993,0.5303584903279978,0.7809895261955446
s2lam059_230812,53.55068783304972,0.5406281424835441,0.714737573336108
s2lam059_230826,107.10137566609944,0.5337743856557893,0.7387314698796795
s2lam060_230809,77.52099572022435,0.5469491867742149,0.6789208997366569
s2lam060_230815,24.990320988756537,0.5168015136330967,0.8258029558356798
s2lam060_230930,200.9425810116342,0.5395959611768546,0.7409361419561564
s2lam060_231013,45.90058957118547,0.5133683375025186,0.7059376165233335
s2lam060_231025,106.59136911530848,0.529959100885732,0.745022181224231
s2lam061_230721,110.16141497084513,0.5597427733424347,0.7816420240693696
s2lam061_230814,59.670766442541115,0.590837905173433,0.8165153889695739
s2lam061_231113,5.610072058700447,0.4723386050407863,0.6991090394446082
s2lam063_230630,10.710137566609944,0.6210397770804615,0.7449156566878313
s2lam063_230725,104.55134291214469,0.5254854138994657,0.792597706886579
s2lam063_230807,42.33054371564882,0.5916281144314929,0.7142286663358491
s2lam063_230812,65.79084505203251,0.5574557637192791,0.7251967926345151
s2lam063_230822,206.04264651954367,0.597993612697628,0.7842869155099261
s2lam063_231011,22.950294785592735,0.6132917498759941,0.813142353520208
s2lam063_231016,61.200786094913965,0.524585186090621,0.8211132628099758
s2lam063_231022,122.40157218982793,0.5582947476403933,0.8042041779604879
s2lam063_231029,9.180117914237094,0.6147041164628858,0.6384753615059909
s2lam063_231117,165.75212900705864,0.5602279442187236,0.7925766529630732
s2lam063_231125,141.78182111988403,0.5977331230426622,0.737775154833672
s2lam065_230622,103.02132325977183,0.5604244376391021,0.7550031660375991
s2lam065_230702,63.75081884886871,0.6234674206061097,0.7640240699270372
s2lam065_230710,66.30085160282346,0.572503336828545,0.8012351708238179
s2lam065_230717,9.180117914237094,0.503414367569588,0.5201925516743272
s2lam065_231010,15.300196523728491,0.45365067481754917,0.7642655536298678
s2lam065_231020,1.530019652372849,0.5183102929498757,0.9444157685869718
s2lam067_230713,87.2111201852524,0.557218836389338,0.7651999355561423
s2lam067_230725,27.540353742711282,0.5276853164657693,0.7448972368560648
s2lam067_231005,90.2711594899981,0.5377101764847126,0.7219538785100493
s2lam067_231014,82.62106122813385,0.5712114509009015,0.6888173810360383
s2lam067_231025,28.560366844293185,0.5293113225792653,0.725351414671256
s2lam068_230622,57.63074023937732,0.47405734370999625,0.8441703503904615
s2lam068_230702,17.34022272689229,0.5178556773810632,0.5928271652475984
s2lam068_230710,12.240157218982793,0.5998032393176681,0.7183483810738567
s2lam068_230717,62.22079919649586,0.491006274126194,0.8568744721645983
s2lam069_230702,75.48096951706056,0.5495119377660163,0.7110407880989107
s2lam069_230710,173.91223381971383,0.531966016519294,0.8230785469907675
s2lam069_230717,5.610072058700447,0.4666227420207742,0.7945409221063762
s2lam069_231010,19.380248930056087,0.5179665158990729,0.8811708704805764
s2lam069_231020,71.40091711073296,0.5361671538458578,0.7637221895436455
s2lam069_231113,60.18077299333206,0.5020150345126978,0.8379647871371471
s2lam071_230702,29.580379945875084,0.5143229236522349,0.820282745791659
s2lam071_230710,45.39058302039452,0.6049612503208374,0.7620575114028207
s2lam071_230717,5.1000655079094965,0.5112319833786991,0.6039521273953614
s2lam071_230820,4.590058957118547,0.5069670285885428,0.7114087080307001
s2lam071_231011,34.68044545378458,0.41750300475006563,0.882767381421916
s2lam071_231103,96.90124465028045,0.5454593710835511,0.6996228757813149
s2lam071_231115,138.72178181513831,0.5876526351175484,0.7778333033657114
s2lam071_231127,154.0219783388668,0.55430164631617,0.7937726425189053
s2lam072_230704,3.570045855536648,0.5784025141320694,0.8976478964663561
s2lam072_230805,47.43060922355832,0.5782565485101362,0.6862192116432428
s2lam072_230812,106.59136911530848,0.5443240877936326,0.8267017196837504
s2lam072_230826,72.42093021231486,0.566282097193867,0.8167587169316669
s2lam072_231025,117.30150668191843,0.5706479610923737,0.796467678692417
s2lam072_231031,24.990320988756537,0.5961911326965152,0.852523830441614
s2lam072_231106,74.97096296626961,0.5365746227151761,0.7932988249058367
s2lam073_230705,18.360235828474188,0.5605662498587999,0.8512454731052168
s2lam073_230710,18.360235828474188,0.5871606477684218,0.8440803036032261
s2lam073_230807,169.83218141338625,0.5681777974758608,0.7834606304539122
s2lam073_231010,34.68044545378458,0.5844700953009412,0.6924292236295901
s2lam073_231020,60.69077954412301,0.5736141025343927,0.7733004626429648
s2lam073_231113,236.64303956700067,0.5877582085163459,0.8056821820029056
s2lam074_230617,44.880576469603575,0.5607649742066901,0.7800723270246194
s2lam074_230703,80.0710284741791,0.550626646288277,0.7373348069867913
s2lam074_230711,34.68044545378458,0.5588416701454731,0.6902246933286266
s2lam074_230718,161.1620700499401,0.5994073736965082,0.7042885428844098
s2lam074_230725,75.48096951706056,0.5457786549415383,0.8309339272821998
s2lam074_230804,97.4112512010714,0.6058943121268484,0.7895288938930168
s2lam074_230811,110.67142152163609,0.5750295971391055,0.7640941117233274
s2lam074_230818,208.59267927349842,0.5774444715890191,0.7818653559035266
s2lam074_230829,112.20144117400893,0.552681326534634,0.7691315945648193
s2lam074_231004,98.43126430265329,0.5646192768501983,0.7135171538724151
s2lam074_231011,244.2931378288649,0.5957152245601569,0.7799727722128995
s2lam074_231020,9.690124465028044,0.533612566651731,0.6964014777167782
s2lam074_231027,161.1620700499401,0.5795735900732925,0.7887381209130314
s2lam074_231103,56.10072058700447,0.5906787421996621,0.6242716113796347
s2lam074_231110,83.1310677789248,0.5505029220025366,0.7314929342856664
s2lam074_231117,35.70045855536648,0.5908832353341609,0.7240879927281328
s2lam074_231125,328.95422526016256,0.6006598900794629,0.7531495558830769
s2lam074_231130,244.2931378288649,0.5830323245956615,0.7449105096579018
s2lam076_230613,21.42027513321989,0.5749777716617803,0.6177126588699591
s2lam076_230622,61.200786094913965,0.535833420421658,0.7775853283478065
s2lam076_230712,9.690124465028044,0.6157271977998304,0.803295201224635
s2lam076_230809,211.65271857824413,0.5858326724719146,0.7649764445502928
s2lam076_230815,12.240157218982793,0.443583652539025,0.8951777964014025
s2lam076_231001,151.47194558491205,0.5720879946929707,0.7891923973387854
s2lam076_231013,44.37056991881262,0.5332338009976465,0.7509482423144105
s2lam076_231025,222.36285614485408,0.5887185789142818,0.7718692150938117
s2lam076_231117,30.09038649666603,0.6118125873364912,0.7590680816332681
s2lam077_230808,77.0109891694334,0.5427415414487572,0.8216601838467535
s2lam077_230823,67.32086470440537,0.5514061719375432,0.7825421106455133
s2lam077_231108,35.190452004575526,0.5383804418101087,0.8216858186720689
s2lam077_231118,22.440288234801788,0.5453729530104454,0.7313621216242735
s2lam077_231128,89.76115293920715,0.49621210074935806,0.80927380765376
s2lam078_230605,0.5100065507909497,1,NA
s2lam078_230630,3.570045855536648,0.6023363176049992,0.8498997534206514
s2lam078_230705,184.11236483553284,0.5702037319187411,0.733004262633668
s2lam078_230725,202.98260721479798,0.5158924075269695,0.8409409138941685
s2lam078_230811,83.64107432971575,0.5346500438396039,0.7502502141075248
s2lam078_231010,147.39189317858447,0.5940176362699161,0.7392961596049961
s2lam078_231016,46.92060267276737,0.48803948905266553,0.686681330472177
s2lam078_231022,135.66174251039263,0.560119328463209,0.8152574041087325
s2lam078_231028,1.0200131015818994,0.6777865335315807,1
s2lam078_231117,121.38155908824602,0.5302014843034515,0.797388092376436
s2lam079_230725,108.63139531847229,0.5643716497652401,0.744784674635928
s2lam079_230804,107.10137566609944,0.6237063636716113,0.7220548340947848
s2lam079_230811,153.51197178807587,0.5959182068860432,0.7428295137276496
s2lam079_230819,287.64369464609564,0.6199599195926601,0.7471429513275906
s2lam079_230829,117.30150668191843,0.5958871062243267,0.7389860202626697
s2lam079_231011,22.950294785592735,0.5966298980189862,0.5939309647913812
s2lam079_231020,70.38090400915105,0.5575804889085564,0.6914317395529777
s2lam079_231027,189.21243034344235,0.5845436933761112,0.6959565072988458
s2lam079_231103,50.49064852830402,0.5904641698326575,0.7212639953745668
s2lam079_231117,77.52099572022435,0.5687856806110422,0.7123873952309376
s2lam079_231125,228.9929413051364,0.5905744197431716,0.7753854051031078
s2lam079_231130,105.06134946293564,0.5492520007874641,0.8177921587721917
s2lam080_230807,81.60104812655194,0.5587308010846408,0.8386781360134047
s2lam080_231027,30.09038649666603,0.4531271612069675,0.8569485492423302
s2lam080_231108,61.71079264570491,0.496733368927537,0.8886833692575766
s2lam080_231118,1.530019652372849,0.7512829410155721,0.7795542665687257
s2lam080_231128,148.41190628016636,0.5693367414890325,0.7945777443926973
s2lam081_230605,47.94061577434927,0.5659652726131129,0.770961113046662
s2lam081_230630,72.42093021231486,0.539586764689083,0.7867615840262707
s2lam081_230705,179.5223058784143,0.5408133473327741,0.8592811150376662
s2lam082_230714,67.83087125519631,0.6040137847713467,0.7080243398590075
s2lam082_230726,65.28083850124156,0.6047625860085576,0.7143273582178938
s2lam082_230808,47.94061577434927,0.5662369560534094,0.7605961247263654
s2lam082_231010,38.25049130932123,0.44436862510806874,0.8671280598042395
s2lam082_231019,55.59071403621352,0.5267129686300588,0.6688896384168527
s2lam082_231106,211.65271857824413,0.5907203344332718,0.821152347550109
s2lam083_230705,66.8108581536144,0.5466519069323336,0.7708253104732402
s2lam083_230805,106.08136256451753,0.5807423619236249,0.7482994717189213
s2lam083_230811,18.87024237926514,0.6186305010356908,0.7914551087654794
s2lam083_230826,15.300196523728491,0.6375166679694108,0.7339968933777516
s2lam083_231025,19.380248930056087,0.5057200814334843,0.7849762038700626
s2lam083_231031,35.190452004575526,0.4959698187047952,0.7786523391011598
s2lam083_231106,266.7334260636667,0.6119741683137242,0.7516050336407386
s2lam084_230605,16.32020962531039,0.5273460964756701,0.7043737534905584
s2lam084_230630,35.70045855536648,0.5228342777101799,0.6870583817412943
s2lam084_230705,3.060039304745698,0.6963346587605279,0.7271028967200408
s2lam084_230725,163.71210280389485,0.5553542012391418,0.812818544621256
s2lam084_230807,142.29182767067496,0.5732020783690155,0.790153699155509
s2lam084_230813,207.0626596211256,0.5968752162026423,0.7938523694529352
s2lam084_230820,30.600393047456983,0.5130133148014699,0.6635830944216045
s2lam084_231110,67.83087125519631,0.5966334070611672,0.708679433266783
s2lam084_231117,95.88123154869854,0.5739586303345945,0.78863933665082675
s2lam085_230703,12.240157218982793,0.5155489454131694,0.7011520720349511
s2lam085_230808,13.260170320564692,0.5963490881861576,0.678584283731338
s2lam085_230822,43.86056336802167,0.4668064679527246,0.8721894111510586
s2lam085_231108,40.290517512485025,0.5605407730755911,0.8153152756539751
s2lam085_231128,29.580379945875084,0.4924096011311021,0.7020512600987152
s2lam086_230702,35.190452004575526,0.5503381402930995,0.6667152612734747
s2lam086_230710,36.21046510615743,0.5258337758549482,0.7175675051156406
s2lam086_230717,4.590058957118547,0.6470291993364662,0.5436863467552548
s2lam086_230820,213.18273823061696,0.5600450139830152,0.7564409294606826
s2lam086_231010,28.560366844293185,0.6124413156852997,0.7029785019516733
s2lam086_231113,90.78116604078905,0.5513362507661129,0.7696212328887531
s2lam087_230714,79.0510153725972,0.5771880111359837,0.7029310740595571
s2lam087_230726,72.9309367631058,0.5916298653940314,0.8339680355906126
s2lam087_230808,94.3512118963257,0.5883702805637987,0.7558765537651734
s2lam087_230822,4.080052406327598,0.6907992278311075,0.7302440829848398
s2lam087_231019,189.72243689423328,0.5611747304948549,0.7914509130578581
s2lam087_231106,28.560366844293185,0.5419647702898402,0.7251948001276518
s2lam087_231115,147.9018997293754,0.5727012828933988,0.7603158294866268
s2lam088_230703,9.690124465028044,0.4523103941767746,0.6101500670552983
s2lam088_230711,45.39058302039452,0.5162578601641912,0.7890342551858157
s2lam088_230718,74.97096296626961,0.4971333007246006,0.850600444515428
s2lam088_230725,8.160104812655195,0.47618975938706204,0.540718560313959
s2lam088_230804,87.2111201852524,0.6213789253780535,0.7093415422553891
s2lam088_230811,96.3912380994895,0.5683705938124477,0.8041881366703931
s2lam088_230819,140.7618080183021,0.6192590923889854,0.7108942889537572
s2lam088_230829,132.6017032056469,0.5752532396056627,0.7794936541987265
s2lam088_231011,64.77083195045061,0.5950808545425534,0.6971230096458728
s2lam088_231020,74.97096296626961,0.5219647096988763,0.7670106753649691
s2lam088_231027,125.46161149457363,0.5799503063423611,0.8260537574051874
s2lam088_231103,62.22079919649586,0.5883461840466032,0.715293910590222
s2lam088_231110,92.82119224395285,0.5902061012201945,0.7214530263033395
s2lam088_231117,91.29117259158,0.5792686720284259,0.7124799941507196
s2lam088_231125,141.27181456909307,0.5195049929550619,0.8266522825892764
s2lam088_231130,114.75147392796369,0.5505940104130721,0.8161547775728286
s2lam089_230702,4.080052406327598,0.5023034174655863,0.7691837856308043
s2lam089_230710,4.590058957118547,0.6126063618387535,0.8310219061267204
s2lam089_230717,53.04068128225877,0.5277328001939808,0.6542860898126326
s2lam089_230820,1.530019652372849,0.5134974361139892,1
s2lam089_231025,46.410596121976425,0.5195730241232345,0.7222151731224853
s2lam089_231031,45.90058957118547,0.56058595727526,0.6120301874469586
s2lam089_231106,58.140746790168265,0.50413510837876,0.8518455440722222
s2lam090_230718,53.55068783304972,0.5609869560665607,0.7447866712333852
s2lam091_230605,40.80052406327597,0.5072509648197803,0.8279043390856339
s2lam091_230712,72.9309367631058,0.5783954010497485,0.780615340125082
s2lam091_230727,77.52099572022435,0.6108504606671457,0.7444797753836041
s2lam091_231017,204.51262686717084,0.5692309041853737,0.7369391551602155
s2lam091_231113,125.46161149457363,0.5916502202331484,0.7406745927070867
s2lam092_230705,33.15042580141173,0.5526381673994214,0.7825873102642088
s2lam092_230804,30.09038649666603,0.5537393380477149,0.7131758135671051
s2lam092_230812,45.39058302039452,0.5039961262142497,0.787273023009472
s2lam092_230826,52.02066818067687,0.5920218261826916,0.6784822999357462
s2lam092_231025,85.17109398208859,0.5260029205078055,0.7870084907762084
s2lam092_231031,78.54100882180626,0.5637532681194141,0.7649757336945758
s2lam092_231106,93.84120534553475,0.5522014195654286,0.7573538900178476
s2lam093_230703,39.27050441090313,0.5060768851224648,0.7175821403964492
s2lam093_230711,9.180117914237094,0.46552383049441437,0.862584580951722
s2lam093_230718,54.57070093463162,0.5229453632588342,0.8821395671841612
s2lam093_230725,58.140746790168265,0.6073662954521457,0.8023096237291317
s2lam093_230804,63.75081884886871,0.5687087806187809,0.7104087469420007
s2lam093_230811,124.95160494378267,0.5648775767609621,0.7455388127004453
s2lam093_230818,7.140091711073296,0.48393065830628956,0.8143099839604276
s2lam093_230829,131.07168355327408,0.5656675463239659,0.7069723236900177
s2lam093_231004,161.1620700499401,0.5564862029876297,0.7450980993584458
s2lam093_231011,94.3512118963257,0.5716946373862947,0.7466107657747926
s2lam093_231020,38.25049130932123,0.5641360676665824,0.7898580972782052
s2lam093_231027,126.48162459615553,0.5491345466209127,0.800682048561946
s2lam093_231110,93.84120534553475,0.5639797161388003,0.6954429377889498
s2lam093_231117,49.98064197751307,0.5836148603382278,0.780206446551586
s2lam093_231125,60.69077954412301,0.5499002349134098,0.6566891782994244
s2lam093_231130,77.52099572022435,0.592352515362502,0.712131158896686
s2lam095_230710,151.47194558491205,0.5923125964369421,0.7126241079032062
s2lam095_230814,289.1737142984685,0.5666293430787789,0.8039175393257704
s2lam095_231017,276.9335570794857,0.5521023625259223,0.781353813016429
s2lam095_231109,76.50098261864245,0.5744863000333367,0.6442643036892571
s2lam096_230807,73.9509498646877,0.5203614534551696,0.81005025672359
s2lam096_230823,186.15239103869663,0.5544640281360368,0.7299979606288391
s2lam096_231027,28.560366844293185,0.5354363733359312,0.6259042519758413
s2lam096_231107,65.28083850124156,0.5703598602089457,0.748414358422031
s2lam096_231118,17.34022272689229,0.5740969796871952,0.5555553995252567
s2lam096_231128,21.42027513321989,0.5389058424219507,0.8252406030484636
s2lam097_230703,8.670111363446145,0.5924972519361617,0.8276165070562628
s2lam097_230808,37.74048475853028,0.44005979348789404,0.8554333838799028
s2lam098_230712,14.790189972937542,0.5411408232788546,0.6217538173256666
s2lam098_230811,54.57070093463162,0.5425675785955586,0.6814062226509727
s2lam098_231029,3.570045855536648,0.49675132688203094,0.661979212908818
s2lam098_231117,56.610727137795415,0.5341030842259259,0.712916800483869
s2lam098_231125,204.51262686717084,0.5753438692693313,0.7483648069753184
s2lam099_230703,22.950294785592735,0.503185020918454,0.8140292043915748
s2lam099_230808,47.94061577434927,0.5572899924099223,0.8002645995679089
s2lam099_231011,30.600393047456983,0.5900861839498913,0.7985228253530287
s2lam099_231103,7.140091711073296,0.6351878734028152,0.7063967574263038
s2lam099_231115,44.880576469603575,0.5826590460038598,0.6615160068770816
s2lam101_230605,17.85022927768324,0.5320520794523123,0.6723534029382432
s2lam101_230630,12.750163769773742,0.6651214124976659,0.6080058377423051
s2lam101_230705,9.690124465028044,0.4689029145798833,0.8056396107027299
s2lam101_230725,10.200131015818993,0.5930642283461148,0.8473156427901082
s2lam101_230811,44.880576469603575,0.5956064711862377,0.8037738598283176
s2lam101_231010,7.140091711073296,0.5164112332981718,0.8610807476205229
s2lam101_231016,15.300196523728491,0.4475819139839871,0.8245228665648358
s2lam101_231022,6.630085160282346,0.6150353188462419,0.6723545936583246
s2lam101_231028,4.080052406327598,0.4602293936346646,0.5555281315554195
s2lam101_231110,8.160104812655195,0.6145254660255848,0.8291429954988115
s2lam101_231117,13.260170320564692,0.46999650156290224,0.880988797533915
s2lam103_230714,96.3912380994895,0.5566784435703984,0.7865733217243733
s2lam103_230726,41.31053061406693,0.5391683373705234,0.78069423971289
s2lam103_230808,24.990320988756537,0.6027779225055103,0.800150052395826
s2lam103_231010,39.78051096169408,0.5363793237467606,0.7041969739321667
s2lam103_231019,162.69208970231296,0.5783170961336661,0.666692753758763
s2lam103_231106,92.82119224395285,0.5379370482292435,0.7571105887405296
s2lam103_231114,6.630085160282346,0.7094186186155714,0.7688032241787831
s2lam104_230617,135.15173595960167,0.5369402876285139,0.8406470748831403
s2lam104_230703,52.02066818067687,0.5529920670367187,0.7795581193875445
s2lam104_230711,139.7417949167202,0.5461223294594818,0.8407465529331782
s2lam104_230718,120.87155253745507,0.6214529907388022,0.7289884392589071
s2lam104_230725,250.92322298914726,0.5489388581128304,0.8006305939180225
s2lam104_230804,141.78182111988403,0.5694978642654852,0.7835564553808452
s2lam104_230811,134.13172285801977,0.5967175725329479,0.7766526127834766
s2lam104_230818,213.69274478140792,0.6296501419070629,0.7345488672557378
s2lam104_230829,135.15173595960167,0.6037710186494145,0.6550571764897264
s2lam104_231004,62.730805747286816,0.5910156292360973,0.7572062863823125
s2lam104_231011,46.410596121976425,0.5847616039543273,0.7661346143599826
s2lam104_231020,22.950294785592735,0.563847194441405,0.6736724631170717
s2lam104_231103,13.260170320564692,0.5211776040239329,0.6162071480999514
s2lam104_231110,90.78116604078905,0.5951248421023024,0.7386167561541952
s2lam104_231117,41.820537164857875,0.606106090757067,0.7130207603414129
s2lam104_231125,209.10268582428938,0.5961131781059497,0.7563196967279556
s2lam104_231130,164.73211590547675,0.5426112820991064,0.7740203408270019
s2lam105_230630,13.770176871355641,0.5459894190583644,0.7679766557161156
s2lam105_230705,92.82119224395285,0.5272507119540824,0.8399053887911357
s2lam105_230725,103.02132325977183,0.5699333776109246,0.7410341189099153
s2lam105_230807,60.18077299333206,0.5567831260177042,0.7164296482985265
s2lam105_230812,82.62106122813385,0.5547862490522658,0.785873019427032
s2lam105_230820,17.34022272689229,0.38583080179863327,0.6712048840646369
s2lam105_231016,22.950294785592735,0.5536760622806338,0.6084176794652206
s2lam105_231022,54.57070093463162,0.5730998857383519,0.7289404104701352
s2lam105_231029,3.060039304745698,0.7269206583997596,0.7430484223801119
s2lam105_231110,33.66043235220268,0.46081390265210403,0.7968247573257164
s2lam105_231117,27.030347191920335,0.48545066651336527,0.8652080866858836
s2lam106_230725,22.950294785592735,0.3893435959175623,0.8537897020910924
s2lam107_230617,35.70045855536648,0.5373286358063034,0.6087719599445859
s2lam107_230703,121.38155908824602,0.5646806721700169,0.7744160776431916
s2lam107_230711,0.5100065507909497,1,NA
s2lam107_230718,23.970307887174634,0.5535800315523474,0.6788773016851986
s2lam107_230725,58.65075334095921,0.6015706047454704,0.8021501397293224
s2lam107_230811,6.120078609491396,0.695712995061366,0.8556857099976171
s2lam107_230819,62.22079919649586,0.5464408800222045,0.78403941394316
s2lam107_230829,46.410596121976425,0.579692979196895,0.7305908820352816
s2lam107_231004,58.65075334095921,0.5904446196924784,0.8313749939398226
s2lam107_231027,56.610727137795415,0.5147903028799374,0.8541559514024865
s2lam107_231103,19.89025548084704,0.6003252066243526,0.7789954041106695
s2lam107_231110,111.69143462321799,0.5817350330258455,0.7548890970652972
s2lam107_231117,55.080707485422565,0.6221703477328977,0.7748437434279583
s2lam107_231125,43.350556817230725,0.5791953166956542,0.6967525917958056
s2lam107_231130,77.0109891694334,0.6404342619603354,0.6597270571890184
s2lam108_230726,73.44094331389675,0.6125068414816895,0.7907602582278823
s2lam108_230808,12.750163769773742,0.46607781934731424,0.6655809846527774
s2lam108_230822,1.0200131015818994,0.8816694414710471,1
s2lam108_231010,66.30085160282346,0.5465465852464986,0.7158141514149314
s2lam108_231019,65.79084505203251,0.556075336518779,0.7366302146769664
s2lam108_231106,19.380248930056087,0.5656568045239306,0.8152179359909971
s2lam109_230702,64.26082539965967,0.5708119904523262,0.7242314153707037
s2lam109_230710,36.720471656948376,0.608194110839713,0.7491204267082213
s2lam109_230717,4.080052406327598,0.7714178045382982,0.8171525689048768
s2lam109_231010,54.57070093463162,0.5697377520491977,0.8046388564233433
s2lam109_231113,15.81020307451944,0.5641042129621853,0.6134648311636236
s2lam110_230702,66.8108581536144,0.5352250387812144,0.5921557116118958
s2lam110_230710,253.98326229389295,0.5465965743492723,0.808393195008813
s2lam110_230717,98.94127085344424,0.5203651447650627,0.6984392924471404
s2lam110_230820,1.530019652372849,0.4912399210672258,0.9582433441151491
s2lam110_231010,7.140091711073296,0.6281056209641157,0.5672049326654172
s2lam110_231020,38.25049130932123,0.5359609719265093,0.6834042276666106
s2lam111_230707,26.520340641129383,0.47976015284068535,0.8110225150720269
s2lam111_230717,42.84055026643978,0.5720396831567258,0.7501889213005059
s2lam111_231005,71.91092366152391,0.5577423219674605,0.7367207152078941
s2lam111_231013,67.32086470440537,0.5522086064092276,0.6759197272282419
s2lam111_231025,71.91092366152391,0.48986846222795083,0.8068459276513835
s2lam111_231117,46.410596121976425,0.5434225786089378,0.7310824892396056
s2lam111_231122,103.02132325977183,0.5992432756609319,0.7189833888176652
s2lam112_230705,22.440288234801788,0.558066796019034,0.7133930089889019
s2lam112_230805,57.63074023937732,0.6107255422311908,0.7947279857049835
s2lam112_230812,72.42093021231486,0.5464113967380936,0.70590526889065
s2lam112_230826,41.31053061406693,0.6031435411005067,0.7228690160847667
s2lam112_231025,114.75147392796369,0.5783475319645508,0.7684237122744745
s2lam112_231031,108.63139531847229,0.6099919163423547,0.7628407697304869
s2lam112_231106,45.90058957118547,0.5554102397132249,0.7560897434618169
s2lam113_230703,1.0200131015818994,0.5153472560808616,1
s2lam113_230808,49.47063542672212,0.5830280732969134,0.7794525889559735
s2lam113_230822,42.33054371564882,0.5873274635530359,0.7140752087607954
s2lam113_231103,34.17043890299363,0.5624229581228636,0.6785662022728625
s2lam113_231115,43.86056336802167,0.5992152685811627,0.7092656969422321
s2lam113_231127,61.71079264570491,0.5789326885391614,0.8080981954107257
s2lam114_230617,87.72112673604335,0.5209471866555798,0.5914909365929223
s2lam114_230703,61.71079264570491,0.507653831794775,0.7094983321277573
s2lam114_230711,15.81020307451944,0.5504701673154163,0.7906948863925761
s2lam114_230718,24.990320988756537,0.4799543545782007,0.6608186544181063
s2lam114_230725,54.06069438384067,0.5622266340630774,0.760097793273645
s2lam114_230804,11.730150668191843,0.669485912158985,0.8215458633431006
s2lam114_230811,24.480314437965585,0.5339358669286179,0.8601775266259388
s2lam114_230819,61.200786094913965,0.5681801691147387,0.7377168335600067
s2lam114_230829,14.790189972937542,0.6338434395120763,0.761441892625226
s2lam114_231004,16.83021617610134,0.5873113208977191,0.7705368515654081
s2lam114_231011,12.240157218982793,0.5896614574930207,0.779494945840158
s2lam114_231020,86.70111363446145,0.5857676746300453,0.7927035568316639
s2lam114_231027,18.360235828474188,0.5370684856767164,0.8770347987854602
s2lam114_231103,4.590058957118547,0.660600803017912,0.8173869045852387
s2lam114_231110,22.440288234801788,0.5563133547540594,0.8168717402843301
s2lam114_231117,11.220144117400894,0.5202225054933073,0.8419186332735012
s2lam114_231125,49.47063542672212,0.6043165270584906,0.7417637635215214
s2lam114_231130,20.910268582428937,0.5739711980201113,0.775535219596714
s2lam115_230714,80.0710284741791,0.5502978558525341,0.752660488215794
s2lam115_230726,162.182083151522,0.5590285928445017,0.7923640783460933
s2lam115_230808,29.580379945875084,0.5037603958971286,0.6969523360249263
s2lam115_231010,70.38090400915105,0.5572546047303227,0.694727797019943
s2lam115_231019,43.350556817230725,0.4765095699928266,0.5796650059729892
s2lam115_231106,97.92125775186234,0.5471422208212242,0.7706798112403415
s2lam115_231114,1.0200131015818994,0.7282241355026283,1
s2lam116_230710,291.2137405016323,0.6023353657012599,0.7801967184481373
s2lam116_230807,101.49130360739899,0.5683882414835434,0.8093282183194508
s2lam116_230812,69.8708974583601,0.5502310709830224,0.7236107007004571
s2lam116_230822,130.05167045169216,0.5930564455309072,0.7290228043335106
s2lam116_231028,5.610072058700447,0.5880964979515183,0.8508698530485773
s2lam116_231110,69.36089090756916,0.5273448885364967,0.7763032230392689
s2lam116_231117,66.30085160282346,0.4684987492200807,0.8413015230522453
s2lam117_230703,55.59071403621352,0.5706374956565555,0.7150763428139181
s2lam117_230725,49.47063542672212,0.5369975081154919,0.7764798726461303
s2lam117_230802,3.060039304745698,0.6902827839605762,0.8089671263143023
s2lam117_230809,46.92060267276737,0.5025895667655732,0.5833765027837214
s2lam117_230815,14.280183422146592,0.5644359292569888,0.6011722945847302
s2lam117_231005,48.96062887593117,0.5596365136466762,0.6123774239506496
s2lam117_231013,88.2311332868343,0.5315071198948642,0.6262008998402457
s2lam117_231025,53.55068783304972,0.503311259138339,0.8281135064152475
s2lam117_231117,39.27050441090313,0.5177442935422949,0.7348539443090009
s2lam118_230703,91.29117259158,0.5722337138049669,0.7817220985202188
s2lam118_230713,5.610072058700447,0.45316820688251985,0.8020657317283789
s2lam118_230802,15.81020307451944,0.6558233947276187,0.7330842263196589
s2lam118_230809,71.40091711073296,0.5677329738933737,0.840922228507952
s2lam118_230815,6.120078609491396,0.5404915490559107,0.8369796106656469
s2lam118_231001,118.83152633429128,0.5761147581081617,0.7424462582382433
s2lam118_231013,57.63074023937732,0.5894463983680589,0.7143809569553611
s2lam118_231025,95.37122499790759,0.5175422115928576,0.8050374990831568
s2lam118_231117,82.62106122813385,0.588767254502227,0.7081194520805923
s2lam118_231122,55.080707485422565,0.4407542659675873,0.6849264866847175
s2lam119_230713,43.86056336802167,0.4919574856462056,0.7407017537328537
s2lam119_230725,26.520340641129383,0.5505938403793147,0.6183204333974595
s2lam119_230802,9.180117914237094,0.5030926351290378,0.9098640467664861
s2lam119_230809,26.010334090338436,0.5370732595718555,0.810065912285086
s2lam119_230815,59.670766442541115,0.5715051210536173,0.7462294016555694
s2lam119_231001,31.11039959824793,0.5377979503881875,0.7017295983500947
s2lam119_231026,57.12073368858637,0.5638048735476038,0.6926959826170394
s2lam119_231117,70.89091055994201,0.5891925787000094,0.7532367563472351
s2lam120_230710,208.08267272270749,0.5384221909758266,0.7952049077972927
s2lam120_230807,256.02328849705674,0.6113159095539882,0.7394815873601664
s2lam120_230812,47.43060922355832,0.5517060409018059,0.7396788937686966
s2lam120_230820,10.200131015818993,0.4961524090876749,0.8152523599195167
s2lam120_231117,84.1510808805067,0.5516151086146989,0.7531139573761383
s2lam121_230727,95.88123154869854,0.5785999744858793,0.8034684155648548
s2lam121_230807,47.94061577434927,0.5865376767315235,0.7716651291626495
s2lam121_230813,210.12269892587128,0.5781195914366904,0.7694685105416994
s2lam121_230822,181.5623320815781,0.5873032670059753,0.757162715590643
s2lam121_231028,24.480314437965585,0.5550279233508542,0.7946600938401809
s2lam121_231117,288.1537011968866,0.5720705726177631,0.7407844933927369
s2lam121_231125,242.76311817649204,0.5862685750818377,0.7371307251159117
s2lam122_230714,29.580379945875084,0.5802720333680194,0.6220612238630213
s2lam122_230726,57.63074023937732,0.5180763753201094,0.6272565458816718
s2lam122_230808,37.74048475853028,0.526685951905841,0.7757633482909467
s2lam122_230822,103.02132325977183,0.5737982362236892,0.7837905558118191
s2lam122_231010,65.79084505203251,0.5686200090162867,0.7373573409639174
s2lam122_231019,91.80117914237094,0.549541996317254,0.6964345631764649
s2lam122_231106,77.0109891694334,0.526881809669192,0.87124143518773
s2lam122_231114,1.0200131015818994,0.6906619096585814,1
s2lam123_230710,233.07299371146402,0.533449408211269,0.8055166994254269
s2lam123_230812,130.05167045169216,0.5178746287198368,0.6581646362577606
s2lam123_230820,37.74048475853028,0.5674618226726992,0.6640539978120497
s2lam123_231010,144.33185387383875,0.5935376697186784,0.7432472285248433
s2lam123_231016,114.75147392796369,0.5398330998886457,0.7605044415421985
s2lam123_231022,168.81216831180436,0.5760588995230904,0.7636111810553751
s2lam123_231028,2.5500327539547483,0.6364390769986503,0.8624943204510174
s2lam123_231110,58.65075334095921,0.558965672361655,0.6729022783973688
s2lam123_231117,98.94127085344424,0.5195832840729065,0.7572812990895325
s2lam123_231125,103.02132325977183,0.5477560078799603,0.783970897922805
s2lam125_230713,14.280183422146592,0.6334295294648328,0.8429569617061939
s2lam125_230725,74.46095641547866,0.5626165662903982,0.8281492730828812
s2lam125_230803,27.030347191920335,0.555914190940912,0.6832047966441411
s2lam125_230809,2.5500327539547483,0.7018665383538512,0.622786390288727
s2lam125_230815,21.930281684010836,0.4853114938626299,0.6922030970536036
s2lam125_231001,77.0109891694334,0.6062065773271234,0.6984105131392216
s2lam125_231014,112.71144772479988,0.5659345563714748,0.789011394269212
s2lam125_231026,35.190452004575526,0.5194334500470754,0.6874550519307904
s2lam125_231117,2.040026203163799,0.6698725802623088,0.8819536914707978
s2lam125_231122,137.70176871355642,0.5776924920496066,0.7281392340408024
s2lam126_230710,264.18339330971196,0.5878384030636781,0.7774188756537198
s2lam126_230807,32.64041925062078,0.618307821350857,0.7467536224631217
s2lam126_230812,65.28083850124156,0.5262712494021012,0.7804851848626001
s2lam126_230820,4.590058957118547,0.5549663332204914,0.7518347974518967
s2lam126_231010,55.59071403621352,0.5349245728593529,0.6828732620938717
s2lam126_231016,84.66108743129764,0.5311467760293594,0.6091272790182348
s2lam126_231022,380.9748934408394,0.5776367617341033,0.7929082014332907
s2lam126_231029,10.200131015818993,0.4150602816419142,0.7465783311180908
s2lam126_231117,75.9909760678515,0.5365341555935276,0.7846870451102899
s2lam127_230707,68.34087780598726,0.5278238714421902,0.8101076339755447
s2lam127_230717,76.50098261864245,0.5706683613791852,0.7797112589201759
s2lam127_231005,27.540353742711282,0.553951377457472,0.6257465248801676
s2lam127_231013,119.85153943587318,0.5766495214365616,0.6874898807984973
s2lam127_231025,58.65075334095921,0.5279736705236088,0.7008538353857631
s2lam127_231117,75.48096951706056,0.5682650648158927,0.64118223631872
s2lam127_231122,31.11039959824793,0.5237758195776987,0.6117681572353956
s2lam128_230703,7.650098261864246,0.47323858949310543,0.5522262430902493
s2lam128_230713,12.750163769773742,0.646344672612268,0.8361234188098541
s2lam128_230725,51.51066162988592,0.5704229065530774,0.7134048015425529
s2lam128_230802,10.710137566609944,0.5532225972125077,0.6044434937030052
s2lam128_230809,102.51131670898089,0.5506052826478403,0.7430559691225441
s2lam128_230815,8.670111363446145,0.6104271623742394,0.7461117173524002
s2lam128_230930,140.7618080183021,0.5440734082473135,0.7605738311066756
s2lam128_231014,53.55068783304972,0.5399692671356275,0.6881877082416832
s2lam128_231026,1.0200131015818994,0.8936105528330542,1
s2lam128_231122,30.09038649666603,0.44724280872011873,0.8833919095173789
s2lam129_230717,28.560366844293185,0.5260983456083331,0.5498446597942297
s2lam129_230807,102.00131015818994,0.5730425468524173,0.8110924219980367
s2lam129_230812,14.790189972937542,0.565414514375295,0.7129387768746461
s2lam129_230820,15.81020307451944,0.5043217482484467,0.7044869486896673
s2lam129_231010,20.910268582428937,0.5807217523966631,0.7235883728886904
s2lam129_231029,6.630085160282346,0.5637408863271387,0.6502060377655269
s2lam129_231117,63.24081229807776,0.4985612454924601,0.6667774066191255
s2lam129_231125,91.80117914237094,0.6134495753384778,0.6550105350045116
s2lam130_230713,14.280183422146592,0.5065167897446116,0.6483686946649665
s2lam130_230725,38.25049130932123,0.5348684746740964,0.7813104782446995
s2lam130_231005,196.35252205451565,0.6056195412012951,0.7491896118089056
s2lam130_231013,124.44159839299172,0.6179895716763116,0.7334401253819489
s2lam130_231025,115.26148047875463,0.5623796906204995,0.6025022169498736
s2lam130_231117,183.60235828474188,0.5706087195735995,0.7085639255378262
s2lam130_231130,29.070373395084133,0.47872720936530777,0.8407195631217247
s2lam131_230703,4.590058957118547,0.6956383203660345,0.772810383100713
s2lam131_230713,12.240157218982793,0.7142336675221571,0.7337645574586368
s2lam131_230725,35.70045855536648,0.5466051237353727,0.6644851099951966
s2lam131_230802,14.280183422146592,0.6042221520265852,0.662416064990001
s2lam131_230809,36.720471656948376,0.5413767110984553,0.6766748936355911
s2lam131_230815,68.85088435677821,0.5244308903100962,0.8303860956649326
s2lam131_231001,28.560366844293185,0.5934197585497822,0.6749755364746617
s2lam131_231014,120.36154598666413,0.5847722159548819,0.7713714163079639
s2lam131_231026,59.670766442541115,0.5044742366500945,0.7582431047379918
s2lam131_231117,66.8108581536144,0.5737933138148059,0.5545166424982736
s2lam131_231203,85.68110053287955,0.5796320243937705,0.7282069954454887
s2lam132_230807,58.65075334095921,0.559228559149661,0.7808646680050247
s2lam132_230822,26.520340641129383,0.5731751095712899,0.8430898653611909
s2lam132_231027,49.47063542672212,0.5901922112730521,0.7756952754573356
s2lam132_231108,12.240157218982793,0.5580742957718468,0.6292053785090514
s2lam132_231128,137.19176216276546,0.5790285851842815,0.8069567103995992
s2lam133_230808,269.28345881762147,0.6125155603177904,0.8060014051842522
s2lam133_231011,32.64041925062078,0.3917762959163118,0.8026706223259652
s2lam133_231103,145.35186697542068,0.5575117971765586,0.6900723664859623
s2lam133_231115,38.25049130932123,0.5684619516229592,0.6911564022480459
s2lam133_231127,56.10072058700447,0.5389361895438036,0.7156337581886396
s2lam134_230807,16.83021617610134,0.5514888634855798,0.872490381873783
s2lam134_231027,85.68110053287955,0.5496588053350728,0.7621518437478907
s2lam134_231107,156.06200454203062,0.568124514579517,0.7280576176199421
s2lam134_231128,58.65075334095921,0.5241490867435087,0.6891974672690383
s2lam135_230713,29.580379945875084,0.4995374309908455,0.7630634470364754
s2lam135_230725,59.670766442541115,0.51472045379501985,0.6851024961086021
s2lam135_230802,20.400262031637986,0.6640520048545954,0.7500338270893087
s2lam135_230809,84.1510808805067,0.5426659061209884,0.6948266263810187
s2lam135_230815,38.25049130932123,0.5428132152330709,0.786812860987765
s2lam135_230930,139.23178836592928,0.6003795611650256,0.7491361682818487
s2lam135_231026,11.220144117400894,0.5423720928281569,0.7621305835722539
s2lam136_230727,147.9018997293754,0.5510688305945171,0.7471528253041284
s2lam136_230807,92.31118569316189,0.6034274521395759,0.7880744299713183
s2lam136_230813,90.2711594899981,0.5214949936889439,0.6987753037180198
s2lam136_230822,235.1130199146278,0.5849165137068522,0.7151494398462205
s2lam136_231010,17.85022927768324,0.5312567731094987,0.7673122178493756
s2lam136_231016,35.70045855536648,0.4751657787450589,0.6989266653693456
s2lam136_231022,171.87220761655004,0.5834467459054022,0.7268995368014657
s2lam136_231028,14.790189972937542,0.43373707352442104,0.7320944277165542
s2lam136_231110,22.440288234801788,0.5021637326596379,0.7517515187016098
s2lam136_231117,99.45127740423519,0.5403309045865028,0.743211897462224
s2lam136_231125,73.9509498646877,0.5666302552663247,0.7802560022316334
s2lam137_230703,2.5500327539547483,0.48467701750196507,0.7370244835652462
s2lam137_230713,9.180117914237094,0.5869833499255513,0.8709600806815163
s2lam137_230725,8.670111363446145,0.439551041796463,0.7446752031967547
s2lam137_230802,0.5100065507909497,1,NA
s2lam137_230809,1.530019652372849,0.5784898514712425,0.5742095669599102
s2lam137_230815,1.530019652372849,0.8775877841794676,0.8428227289041008
s2lam137_231003,2.040026203163799,0.48661024278140724,0.4350019310959431
s2lam137_231011,4.080052406327598,0.46863940049948205,0.4745744938463663
s2lam137_231026,1.0200131015818994,0.5918133892329484,1
s2lam137_231117,2.5500327539547483,0.5783581751668345,0.5956629147276802
s2lam137_231122,6.630085160282346,0.5240114855460442,0.7639926853328544
s2lam138_230713,28.050360293502234,0.4892800354983293,0.7227655406388563
s2lam138_230725,52.53067473146782,0.5234914077534182,0.8169895613884887
s2lam138_230802,9.690124465028044,0.5248961347480515,0.8434533593149814
s2lam138_230809,6.630085160282346,0.5260812181306108,0.8923683272526208
s2lam138_230815,10.200131015818993,0.46403281510386707,0.5894377582717845
s2lam138_230930,115.77148702954558,0.5859387359581474,0.7000596989320974
s2lam138_231011,17.34022272689229,0.5317967924285121,0.7061595726757202
s2lam138_231026,21.42027513321989,0.6070421966437548,0.8093559988752146
s2lam138_231117,145.8618735262116,0.5617285886882724,0.7205225349713965
s2lam138_231130,3.570045855536648,0.6649961196785833,0.8825173207360194
s2lam139_230718,8.160104812655195,0.5531696832952842,0.8616946836619087
s2lam139_230807,40.80052406327597,0.5493282345621364,0.7043998090021732
s2lam139_230813,152.49195868649397,0.5478775956580973,0.7111433278650043
s2lam139_230822,168.81216831180436,0.5995248860541854,0.7220747863890182
s2lam139_231009,49.47063542672212,0.5198414981124684,0.780387897950704
s2lam140_230727,130.56167700248312,0.5858669700836231,0.6824097427075677
s2lam140_230807,87.2111201852524,0.5089785790490964,0.7290274416271942
s2lam140_230812,29.580379945875084,0.5886897597201285,0.7021715342399439
s2lam140_230822,67.32086470440537,0.5158308074185702,0.8165638971013472
s2lam140_231009,74.97096296626961,0.5361783152622102,0.7760250635190384
s2lam141_230807,111.18142807242704,0.5974322152990064,0.7822923668474303
s2lam141_230813,200.9425810116342,0.5336015075583124,0.8294656012908235
s2lam141_230820,64.77083195045061,0.6072134183470002,0.7154647033023622
s2lam141_231010,48.45062232514022,0.6452677623092861,0.7553907893708314
s2lam141_231020,71.91092366152391,0.5456269635494244,0.8084659316224873
s2lam142_230707,136.17174906118356,0.5669302292931009,0.7956605912529537
s2lam142_230717,19.89025548084704,0.577017533635031,0.7230790770911406
s2lam142_231005,66.8108581536144,0.5160174960924641,0.867200222117517
s2lam142_231026,29.070373395084133,0.6004094268300579,0.7974867888807448
s2lam142_231130,62.22079919649586,0.5464454527946723,0.7690448025642719
s2lam143_230707,79.0510153725972,0.5783477300307229,0.8282985980041091
s2lam143_230717,105.06134946293564,0.5899952835463982,0.7488621347926704
s2lam143_231005,57.12073368858637,0.5790000684838396,0.8351045330804152
s2lam143_231013,145.8618735262116,0.6008301828766013,0.6942833875623842
s2lam143_231025,80.58103502497005,0.5660809043283084,0.7207076697346994
s2lam144_230707,36.720471656948376,0.5531232834315819,0.8024741705698445
s2lam144_230717,38.25049130932123,0.5073486652662503,0.8433697265725214
s2lam144_231005,31.11039959824793,0.4855650268659527,0.7099105966135365
s2lam144_231013,40.80052406327597,0.6026332227613952,0.7264182722150219
s2lam144_231026,3.570045855536648,0.7200611809989141,0.6985760317301979
s2lam144_231130,34.17043890299363,0.5698532889865981,0.7053086849145603
s2lam145_230725,12.240157218982793,0.5680820762888525,0.8047519073073903
s2lam146_230718,10.710137566609944,0.6346328785344785,0.7121284224560541
s2lam146_230807,71.91092366152391,0.4875473299265237,0.7530122912411248
s2lam147_230721,116.28149358033653,0.571941664262094,0.7632215618877602
s2lam147_230818,10.710137566609944,0.48667261949647767,0.5838546253055531
s2lam147_231113,8.160104812655195,0.41113196226563553,0.7799490430360154
s2lam148_230712,79.56102192338815,0.5426853067883373,0.7755634487751973
s2lam148_230727,91.29117259158,0.5848472698326105,0.7426197458808905
s2lam148_230807,81.60104812655194,0.5321812829041471,0.8261841518634875
s2lam148_230813,204.00262031637988,0.583261765453387,0.7435083974077877
s2lam148_230820,41.820537164857875,0.5382856549071036,0.6692259280022346
s2lam148_231009,92.82119224395285,0.5104123301594694,0.79824063541346
s2lam148_231114,118.83152633429128,0.5494102835831295,0.7114885425100653
s2lam149_230707,55.59071403621352,0.6300594110359954,0.6887149786026483
s2lam149_231005,264.18339330971196,0.5415057893131998,0.755805118069466
s2lam149_231013,73.44094331389675,0.5619820876891313,0.7718439868813474
s2lam149_231025,202.98260721479798,0.5635017169912995,0.6926741465547858
s2lam149_231117,61.71079264570491,0.5203604460267196,0.7989788425392169
s2lam149_231122,79.0510153725972,0.572541854753601,0.7366041900629232
s2lam150_230721,104.55134291214469,0.5544715871734485,0.6731349661982695
s2lam150_230814,1.0200131015818994,0.6233346822024372,1
s2lam150_231017,2.5500327539547483,0.7235563621190062,0.6444706864515753
s2lam150_231113,146.8818866277935,0.5687194978189825,0.8159463563626448
s2lam151_230713,62.22079919649586,0.5202570096554836,0.7422021726102874
s2lam151_230725,42.33054371564882,0.5670506740798076,0.7293210497753879
s2lam151_230802,6.120078609491396,0.41785422684394485,0.8731254735681809
s2lam151_230809,7.140091711073296,0.4636307901837643,0.5521768836531014
s2lam151_230815,49.47063542672212,0.5717116432026252,0.8062649986239986
s2lam151_230930,83.1310677789248,0.5574702924608699,0.7311898640082858
s2lam151_231026,54.57070093463162,0.5538002673541129,0.7232877139266036
s2lam151_231117,32.13041269982983,0.6223914930812772,0.6978651532733597
s2lam151_231122,70.38090400915105,0.619526534723727,0.6936714790212817
s2lam152_230712,45.39058302039452,0.5228348458314389,0.708319597294132
s2lam152_230815,32.13041269982983,0.5176655903627092,0.5626757212704568
s2lam152_231109,170.85219451496815,0.5842934959180136,0.76858861421991
s2lam154_230717,51.00065507909497,0.5844119029292795,0.6632210310713634
s2lam154_231005,61.200786094913965,0.5395304753872334,0.7687008747743731
s2lam154_231013,104.04133636135374,0.584298708639086,0.7341375512912857
s2lam154_231025,42.33054371564882,0.5020027251956041,0.6158565764882643
s2lam155_230707,70.89091055994201,0.6001688773782515,0.7210304533679445
s2lam155_230717,61.200786094913965,0.5377763455521704,0.7605905184951358
s2lam155_231005,137.19176216276546,0.5833552763270574,0.7673697392368223
s2lam155_231013,54.06069438384067,0.49911857837147844,0.8073596247207747
s2lam155_231025,98.43126430265329,0.5435029554820872,0.611975484913907
s2lam156_230713,6.630085160282346,0.3776481800183179,0.8994749968426281
s2lam156_230802,12.750163769773742,0.7035814745714795,0.7867785035363688
s2lam157_230712,70.38090400915105,0.5672714380841323,0.6927403499662681
s2lam157_230727,138.72178181513831,0.588112681625946,0.7712626931457643
s2lam157_230807,84.1510808805067,0.6067671982232219,0.7583963925266222
s2lam157_230812,53.04068128225877,0.5895973958846343,0.7555561965947214
s2lam157_230822,420.24539785174255,0.5539901036713942,0.8070708188491496
s2lam157_231009,22.440288234801788,0.4250491603530906,0.62671000451557
s2lam157_231109,177.48227967525048,0.5795442973424468,0.7686468868888977
s2lam158_230707,26.010334090338436,0.626178624019304,0.6608465314733868
s2lam158_230717,50.49064852830402,0.5477826767621149,0.7764444189620351
s2lam158_231005,59.670766442541115,0.5370828846274124,0.7769539828566541
s2lam158_231014,13.260170320564692,0.5571201633010562,0.790574781896288
s2lam158_231026,15.81020307451944,0.6253786477010833,0.6962898150535944
s2lam158_231203,119.34153288508223,0.5843098191288236,0.644193934501908
s2lam159_230713,11.730150668191843,0.4310084978179195,0.8732628810775955
s2lam159_230725,44.880576469603575,0.4906501171636801,0.6756006625312244
s2lam159_230802,2.5500327539547483,0.5219894851330047,0.7869156051241464
s2lam159_230809,173.4022272689229,0.5950453776041031,0.8140535625913419
s2lam159_230815,61.200786094913965,0.5975816359990932,0.6813693705484021
s2lam159_231003,27.030347191920335,0.547064958900658,0.6435319708778091
s2lam159_231013,81.091041575761,0.5443734182319984,0.6415526056032593
s2lam159_231025,86.70111363446145,0.5466281650452425,0.854947100956481
s2lam159_231122,1.530019652372849,0.43368430337732644,0.6056510344859234
s2lam160_230707,89.76115293920715,0.5483385591940249,0.7762431095511431
s2lam160_230717,66.30085160282346,0.6155486982631533,0.7043313957135282
s2lam160_231005,38.25049130932123,0.5140801996867314,0.6641530864327511
s2lam160_231014,120.36154598666413,0.5639527055953292,0.7293731478431044
s2lam160_231026,16.32020962531039,0.5938074351840812,0.7041972135478032
s2lam160_231117,50.49064852830402,0.5767273713684165,0.7022692274432024
s2lam160_231122,145.8618735262116,0.5270071595625544,0.7595193695772394
s2lam161_230718,26.010334090338436,0.5393496551219347,0.7843196315977693
s2lam161_230807,114.75147392796369,0.5768972068035804,0.7733422179653843
s2lam161_230820,20.400262031637986,0.49860514820487634,0.6999548872464919
s2lam161_231009,39.78051096169408,0.5098784853108346,0.8158331806965841
s2lam161_231109,29.580379945875084,0.5035126837846803,0.744057801854279
s2lam162_230707,165.2421224562677,0.575251678752759,0.7882666733071271
s2lam162_230714,88.2311332868343,0.6006616036252397,0.760428539948687
s2lam162_230726,87.2111201852524,0.5469359871797471,0.7399972164952123
s2lam162_230808,200.43257446084323,0.5676705781459661,0.7655213713003207
s2lam162_230822,164.2221093546858,0.559222729370048,0.8172112456984719
s2lam162_231010,40.80052406327597,0.5433159435199214,0.7299018764085794
s2lam162_231019,129.54166390090123,0.5464944200692298,0.7427473843684417
s2lam162_231106,124.95160494378267,0.5578093088877398,0.7435674159493284
s2lam162_231115,257.5533081494296,0.5501681248737638,0.7587896394935028
s2lam163_230712,26.520340641129383,0.5174583136718661,0.8065374967046646
s2lam163_230727,104.55134291214469,0.5566946666347286,0.8345425167335594
s2lam163_230807,79.0510153725972,0.5514524848852603,0.820227605412801
s2lam163_230813,34.68044545378458,0.574042357772599,0.6421156700286192
s2lam163_230820,51.51066162988592,0.511569582264273,0.7420086742025565
s2lam163_231010,40.80052406327597,0.5397372191382345,0.6843130827709444
s2lam163_231109,38.25049130932123,0.5819938379354633,0.7370508039594358
s2lam164_230725,48.96062887593117,0.47668991279933104,0.8510178827533174
s2lam164_230815,41.31053061406693,0.6282125792756351,0.7110925634403349
s2lam164_231109,200.9425810116342,0.5442093238685995,0.8710077489948442
s2lam165_230725,23.970307887174634,0.4894226313644051,0.8660961536554951
s2lam165_231017,31.62040614903888,0.5156672429947752,0.5203201311242157
s2lam165_231109,58.65075334095921,0.5675438128835575,0.7766686094581003
s2lam166_231122,76.50098261864245,0.5625498513156688,0.6001366734663569
s2lam167_231123,12.240157218982793,0.525218117963736,0.5985788188455581
s2lam168_231122,5.1000655079094965,0.42011257539170754,0.7624009254698484
s2lam169_231123,225.93290200039073,0.6025930652837296,0.7366384135902353
s2lam172_231124,52.02066818067687,0.49859018945055344,0.7656315515812321
s2lam173_231124,53.55068783304972,0.5680634724052464,0.7702448864409991
s2lam174_231124,17.34022272689229,0.6200937547546741,0.7127834123545259
s2lam175_231122,124.44159839299172,0.5200422289046792,0.7294654419992755
s2lam176_231123,105.57135601372659,0.5556065941065138,0.7966113703454794
s2lam178_231123,4.080052406327598,0.6795206641978339,0.703143104163067
s2lam179_231124,216.7527840861536,0.6029042769510147,0.7493754754242732
s2lam180_231124,41.820537164857875,0.5671207514693681,0.6707982323205373
s2lam181_231124,46.92060267276737,0.6166211536022441,0.7279670383355423
s2lam182_231122,59.16075989175017,0.5757605726739975,0.7174349728007859
s2lam183_231123,120.36154598666413,0.5821613046737053,0.7633344440667561
s2lam184_231124,123.42158529140983,0.5211931218230059,0.8123695306946842
s2lam185_231123,80.58103502497005,0.6039054082168837,0.6960236866758023
s2lam186_231122,36.720471656948376,0.5438743609579675,0.690349251500477
s2lam187_231123,171.3622010657591,0.5342495600272246,0.8204297191177542
s2lam188_231124,34.17043890299363,0.5197701923515325,0.7059799687191822
s2lam189_231123,49.47063542672212,0.48833984460381136,0.7988217837296615
s2lam190_231124,2.5500327539547483,0.35234425331598457,0.9646418976469484
s2lam191_231122,50.49064852830402,0.5344101724347211,0.6663594876212945
s2lam192_231122,5.610072058700447,0.4111008162647536,0.6498912508828402
s2lam193_231124,11.220144117400894,0.6561711467529778,0.588470183287055
s2lam194_231122,20.400262031637986,0.6298753435651343,0.8026463244250607
