"HighVeg","LowVeg","Other","SiteID","MajorityClass3"
0,98.1720964934096,1.8279035065904,"s2lam001_230713","LowVeg"
0,99.8756373585375,0.124362641462505,"s2lam001_230725","LowVeg"
0,99.2405378486056,0.759462151394422,"s2lam001_230802","LowVeg"
28.6716730272067,70.2696048258033,1.05872214699003,"s2lam001_230809","LowVeg"
0,95.9706504166148,4.02934958338515,"s2lam001_230815","LowVeg"
0,100,0,"s2lam001_231001","LowVeg"
0.297582145071296,60.3719776813391,39.3304401735896,"s2lam001_231013","LowVeg"
0.0495233378729726,83.3973009780859,16.5531756840411,"s2lam001_231025","LowVeg"
0.0619271736437949,70.9809264305177,28.9571463958385,"s2lam001_231107","LowVeg"
57.4885788368934,36.3625138906038,6.14890727250278,"s2lam001_231117","HighVeg"
0.182637282357239,79.3619870936321,20.4553756240107,"s2lam002_230807","LowVeg"
2.97384007897335,96.6189536031589,0.40720631786772,"s2lam002_231011","LowVeg"
39.7755303404045,58.3867784903799,1.83769116921559,"s2lam002_231103","LowVeg"
1.09578921447919,94.4964294508742,4.40778133464664,"s2lam002_231115","LowVeg"
6.89401373895976,79.4283611383709,13.6776251226693,"s2lam002_231127","LowVeg"
0.0121773015099854,97.3088163662932,2.67900633219679,"s2lam003_230705","LowVeg"
31.8495684340321,67.4722564734895,0.678175092478422,"s2lam003_230710","LowVeg"
16.4292730844794,79.4327111984283,4.13801571709234,"s2lam003_230807","LowVeg"
6.46153846153846,86.1661538461538,7.37230769230769,"s2lam003_230823","LowVeg"
0.171969045571797,96.7940056504115,3.03402530401671,"s2lam003_231011","LowVeg"
31.0182896688087,66.1641127039051,2.81759762728621,"s2lam003_231103","LowVeg"
0.196777764112655,96.2981183126307,3.50510392325667,"s2lam003_231115","LowVeg"
0.308908933646361,52.3538860743853,47.3372049919684,"s2lam003_231127","LowVeg"
66.7780665924001,29.8923134051244,3.32962000247555,"s2lam005_230725","HighVeg"
17.6973602676912,82.3026397323088,0,"s2lam005_231113","LowVeg"
2.82728948985864,93.1899200983405,3.98279041180086,"s2lam006_230705","LowVeg"
0.159960625076904,89.0488495139658,10.7911898609573,"s2lam006_230710","LowVeg"
15.1856845201618,78.0978061036892,6.71650937614904,"s2lam006_230808","LowVeg"
13.031685365553,84.8107508322032,2.15756380224387,"s2lam006_231011","LowVeg"
52.9019510990368,44.7517905655717,2.34625833539145,"s2lam006_231103","HighVeg"
1.22297714638666,96.9734403953057,1.8035824583076,"s2lam006_231115","LowVeg"
5.3925165077036,36.2558082660797,58.3516752262167,"s2lam006_231127","Other"
13.3292383292383,84.029484029484,2.64127764127764,"s2lam010_230807","LowVeg"
0.0122835032551284,99.9631494902346,0.0245670065102567,"s2lam010_231011","LowVeg"
25.6800197823937,72.5024727992087,1.81750741839763,"s2lam010_231103","LowVeg"
0.13695219123506,99.7758964143426,0.0871513944223108,"s2lam010_231115","LowVeg"
14.0561756408684,81.7490494296578,4.19477492947381,"s2lam010_231127","LowVeg"
0.01215953307393,57.8307392996109,42.1571011673152,"s2lam015_230705","LowVeg"
0.0491340130205134,99.9140154772141,0.0368505097653851,"s2lam015_230710","LowVeg"
6.16446800641105,93.6629268894094,0.172605104179509,"s2lam015_230907","LowVeg"
6.21838371375694,93.670573719926,0.111042566317088,"s2lam015_231018","LowVeg"
4.65087589439921,85.2825067850975,10.0666173205033,"s2lam015_231107","LowVeg"
99.889121596649,0.110878403350992,0,"s2lam015_231118","HighVeg"
0.0611172228333944,90.331255347757,9.60762742940961,"s2lam015_231128","LowVeg"
81.4567901234568,8.76543209876543,9.77777777777778,"s2lam016_230703","HighVeg"
17.9310344827586,39.5689655172414,42.5,"s2lam016_230711","Other"
28.4862784055631,53.8432882155718,17.670433378865,"s2lam016_230718","LowVeg"
99.6270975761342,0.124300807955252,0.248601615910503,"s2lam016_230725","HighVeg"
99.9753451676529,0.02465483234714,0,"s2lam016_230804","HighVeg"
100,0,0,"s2lam016_230811","HighVeg"
73.5374318294497,10.8577094695092,15.6048587010412,"s2lam016_230818","HighVeg"
70.9617296222664,26.6650099403579,2.37326043737575,"s2lam016_230829","HighVeg"
64.7321428571429,25.8928571428571,9.375,"s2lam016_231011","HighVeg"
54.35960591133,19.1748768472906,26.4655172413793,"s2lam016_231020","HighVeg"
28.0351833498513,59.4276511397423,12.5371655104063,"s2lam016_231027","LowVeg"
99.9875899726979,0,0.0124100273020601,"s2lam016_231103","HighVeg"
94.4902226048457,0.282868035911942,5.22690935924241,"s2lam016_231110","HighVeg"
95.1324707332101,1.20764017252002,3.65988909426987,"s2lam016_231117","HighVeg"
68.6189353517806,17.2229805186748,14.1580841295446,"s2lam016_231125","HighVeg"
72.9202880556245,3.92351626520983,23.1561956791656,"s2lam017_230622","HighVeg"
2.75726243229936,96.848842934515,0.393894633185623,"s2lam017_230710","LowVeg"
0.0368731563421829,88.298918387414,11.6642084562439,"s2lam017_230807","LowVeg"
7.85837651122625,76.7702936096719,15.3713298791019,"s2lam017_230823","LowVeg"
10.7896985231295,68.5463200292933,20.6639814475772,"s2lam017_231027","LowVeg"
7.68853464132434,77.0570202329859,15.2544451256898,"s2lam017_231108","LowVeg"
85.0703877500617,10.8051370708817,4.12447517905656,"s2lam017_231118","HighVeg"
0.0613647520864016,89.0648011782032,10.8738340697104,"s2lam017_231128","LowVeg"
0,1.33499688084841,98.6650031191516,"s2lam017_231208","Other"
35.9955285057757,63.1971183703888,0.807353123835548,"s2lam020_230712","LowVeg"
0.371287128712871,87.4009900990099,12.2277227722772,"s2lam020_230727","LowVeg"
23.1216015818092,76.2852199703411,0.593178447849728,"s2lam020_230810","LowVeg"
12.4528301886792,80.4625684723068,7.084601339014,"s2lam020_231010","LowVeg"
0.612294881214793,99.1672789615479,0.220426157237326,"s2lam020_231028","LowVeg"
10.3655544651619,57.0657507360157,32.5686947988224,"s2lam020_231117","LowVeg"
1.51627218934911,66.4077909270217,32.0759368836292,"s2lam020_231125","LowVeg"
94.8743468524509,2.10251306295098,3.02314008459816,"s2lam021_230718","HighVeg"
9.74586725882063,86.4914877868246,3.7626449543548,"s2lam021_230810","LowVeg"
0.234192037470726,98.2373967706151,1.52841119191421,"s2lam021_231110","LowVeg"
11.3575104141142,62.1538838519971,26.4886057338888,"s2lam021_231117","LowVeg"
1.63834209561071,69.4216896931165,28.9399682112728,"s2lam021_231125","LowVeg"
0.899347049402489,78.9454231859061,20.1552297646914,"s2lam022_230707","LowVeg"
0.17264767542237,92.8351214699716,6.99223085460599,"s2lam022_230714","LowVeg"
0.0870538490237533,98.6941922646437,1.21875388633255,"s2lam022_230726","LowVeg"
0.0740557886941496,99.9136015798568,0.0123426314490249,"s2lam022_230808","LowVeg"
0,98.7634475083467,1.23655249165327,"s2lam022_231010","LowVeg"
0.22241443222538,88.4962313110095,11.2813542567651,"s2lam022_231019","LowVeg"
2.09262010896483,97.8826151560178,0.0247647350173353,"s2lam022_231106","LowVeg"
5.21978021978022,94.7302697302697,0.04995004995005,"s2lam023_230712","LowVeg"
0.061751265900951,95.2945535383475,4.64369519575151,"s2lam023_230727","LowVeg"
14.6341463414634,78.640059127864,6.72579453067258,"s2lam023_230810","LowVeg"
3.8836133430728,88.5804723642562,7.53591429267105,"s2lam023_231010","LowVeg"
2.36511456023651,89.6772604089677,7.95762503079576,"s2lam023_231028","LowVeg"
22.7434170238824,62.106552357624,15.1500306184936,"s2lam023_231117","LowVeg"
6.3889912765696,80.4398574763485,13.171151247082,"s2lam024_230808","LowVeg"
4.71768202080238,85.1659237246161,10.1163942545815,"s2lam024_230822","LowVeg"
29.5675742269311,67.8206233830233,2.61180239004558,"s2lam025_230721","LowVeg"
41.3644744929318,54.1856177012907,4.4499078057775,"s2lam025_230815","LowVeg"
82.5318333539374,14.7484237853876,2.71974286067499,"s2lam025_231109","HighVeg"
8.01036781041718,91.6687237719082,0.320908417674648,"s2lam026_230605","LowVeg"
0.182459554798686,99.2823257511252,0.535214694076146,"s2lam026_230630","LowVeg"
4.56834090629989,91.3422571533833,4.08940194031684,"s2lam026_230705","LowVeg"
0.321742358618983,96.9434475931197,2.73481004826135,"s2lam026_230725","LowVeg"
3.09973045822102,63.6976231315854,33.2026464101936,"s2lam026_230807","LowVeg"
3.91511159897548,95.1213562629589,0.963532138065618,"s2lam026_230812","LowVeg"
2.91712437446601,18.5768338825827,78.5060417429513,"s2lam026_230822","Other"
3.94736842105263,95.0536062378168,0.999025341130604,"s2lam026_231010","LowVeg"
11.2159843098799,87.9749938710468,0.809021819073302,"s2lam026_231029","LowVeg"
21.1597401005272,69.2043643496384,9.6358955498345,"s2lam026_231117","LowVeg"
2.66617969320672,72.5225225225225,24.8112977842708,"s2lam026_231125","LowVeg"
7.93885601577909,86.5014792899408,5.55966469428008,"s2lam027_230705","LowVeg"
13.1468703794973,84.7708230655495,2.08230655495318,"s2lam027_230710","LowVeg"
0.135035600294623,72.4527375398969,27.4122268598085,"s2lam027_230807","LowVeg"
28.7843330459416,66.2520014780145,4.96366547604385,"s2lam027_231103","LowVeg"
37.2095912535719,50.0310597589763,12.7593489874519,"s2lam027_231115","LowVeg"
16.5805658056581,79.2004920049201,4.21894218942189,"s2lam027_231127","LowVeg"
0.748374432584959,82.6278984173721,16.6237271500429,"s2lam029_230714","LowVeg"
0.062142679592344,97.4397216007954,2.49813571961223,"s2lam029_230726","LowVeg"
3.3416149068323,96.6335403726708,0.0248447204968944,"s2lam029_230808","LowVeg"
0.811608460403345,82.6119035907526,16.5764879488441,"s2lam029_231010","LowVeg"
0,98.7080745341615,1.29192546583851,"s2lam029_231019","LowVeg"
3.63208131895376,95.140696665427,1.22722201561919,"s2lam029_231106","LowVeg"
0.333374490677861,78.441782936165,21.2248425731572,"s2lam029_231114","LowVeg"
0.812307692307692,95.4215384615385,3.76615384615385,"s2lam030_230704","LowVeg"
0.347050074367873,98.7357461576599,0.917203767972236,"s2lam030_230805","LowVeg"
0.172946263125386,94.0086473131563,5.81840642371834,"s2lam030_230811","LowVeg"
0.185620591510952,97.9705481994803,1.84383120900879,"s2lam030_230826","LowVeg"
0.0490376363859262,96.2118425891872,3.73911977442687,"s2lam030_231025","LowVeg"
0.27147087857848,98.5809476801579,1.14758144126357,"s2lam030_231031","LowVeg"
0.110741971207087,99.3724621631598,0.516795865633075,"s2lam030_231106","LowVeg"
0,99.4088669950739,0.591133004926108,"s2lam032_230714","LowVeg"
0.209179278946721,88.5074443213978,11.2833763996555,"s2lam032_230726","LowVeg"
14.5526543744586,78.9258755104566,6.52147011508477,"s2lam032_230808","LowVeg"
4.08417382642261,80.824305814967,15.0915203586104,"s2lam032_230822","LowVeg"
0,97.3579756884148,2.64202431158521,"s2lam032_231010","LowVeg"
2.87698412698413,90.8978174603175,6.22519841269841,"s2lam032_231019","LowVeg"
0.235119415913872,99.7401311718847,0.0247494122014602,"s2lam032_231106","LowVeg"
0.653917334978408,98.4824182603331,0.863664404688464,"s2lam037_230705","LowVeg"
0,98.9804692298244,1.01953077017565,"s2lam037_230805","LowVeg"
0.519287833827893,98.0217606330366,1.45895153313551,"s2lam037_230812","LowVeg"
5.53846153846154,94.1661538461538,0.295384615384615,"s2lam037_230826","LowVeg"
3.57406042741341,92.1272414640137,4.29869810857283,"s2lam037_231025","LowVeg"
0.468557336621455,97.9654747225647,1.56596794081381,"s2lam037_231031","LowVeg"
0,94.9632215434484,5.03677845655155,"s2lam037_231106","LowVeg"
68.4470210928827,3.9348710990502,27.6181078080671,"s2lam038_230703","HighVeg"
87.4570024570025,5.25798525798526,7.28501228501228,"s2lam038_230711","HighVeg"
36.6992937678107,52.7939536612564,10.506752570933,"s2lam038_230718","LowVeg"
98.6051104801876,0.0864090852981113,1.30848043451426,"s2lam038_230725","HighVeg"
100,0,0,"s2lam038_230804","HighVeg"
82.9443003581573,7.66950722489811,9.38619241694455,"s2lam038_230811","HighVeg"
42.0116871814,52.0452567449956,5.94305607360438,"s2lam038_230819","LowVeg"
90.5277570326114,5.63853622106049,3.83370674632811,"s2lam038_230829","HighVeg"
81.624352970175,8.75030810944047,9.62533892038452,"s2lam038_231011","HighVeg"
94.6307900233444,3.40336650694188,1.96584346971372,"s2lam038_231020","HighVeg"
71.9096965210955,18.9365901801135,9.15371329879102,"s2lam038_231027","HighVeg"
99.7390656063618,0.0621272365805169,0.198807157057654,"s2lam038_231103","HighVeg"
100,0,0,"s2lam038_231110","HighVeg"
100,0,0,"s2lam038_231117","HighVeg"
67.0082726262502,32.8806025435239,0.111124830225954,"s2lam038_231125","HighVeg"
71.4693826853807,26.2079244814309,2.32269283318842,"s2lam038_231130","HighVeg"
1.15542303391726,98.7327618337682,0.111815132314573,"s2lam039_230613","LowVeg"
1.05839870501805,94.6457477275557,4.29585356742622,"s2lam039_230622","LowVeg"
7.07383548067393,89.2963330029732,3.62983151635282,"s2lam039_230712","LowVeg"
0.0248570718369376,98.1481481481482,1.82699478001491,"s2lam039_230812","LowVeg"
14.7143034980705,80.1568529814515,5.12884352047803,"s2lam039_230822","LowVeg"
0.024906600249066,94.7945205479452,5.18057285180573,"s2lam039_231005","LowVeg"
0,98.2220564465995,1.77794355340047,"s2lam039_231013","LowVeg"
0,99.9624577649856,0.0375422350143912,"s2lam039_231026","LowVeg"
13.2680872150644,82.9905847373637,3.74132804757185,"s2lam040_230617","LowVeg"
38.6704700483691,18.4050601513084,42.9244698003225,"s2lam040_230703","Other"
96.7865529600791,3.11457174638487,0.0988752935360277,"s2lam040_230711","HighVeg"
46.201358863496,46.8931439159975,6.90549722050649,"s2lam040_230718","LowVeg"
99.9875699192045,0,0.0124300807955252,"s2lam040_230725","HighVeg"
94.2969518190757,0.282694198623402,5.42035398230088,"s2lam040_230804","HighVeg"
99.975152192819,0.0124239035905081,0.0124239035905081,"s2lam040_230811","HighVeg"
84.4931163954944,9.34918648310388,6.15769712140175,"s2lam040_230818","HighVeg"
99.9875838092873,0.0124161907126893,0,"s2lam040_230829","HighVeg"
68.3446153846154,4.16,27.4953846153846,"s2lam040_231011","HighVeg"
87.2269938650307,5.30061349693251,7.47239263803681,"s2lam040_231020","HighVeg"
49.8944230530369,26.3321326543287,23.7734442926345,"s2lam040_231027","HighVeg"
98.568784700802,0.0493522516964837,1.38186304750154,"s2lam040_231103","HighVeg"
99.987684729064,0.0123152709359606,0,"s2lam040_231110","HighVeg"
80.7473397673843,8.94580549368968,10.306854738926,"s2lam040_231117","HighVeg"
71.1490837048044,11.0450718177316,17.8058444774641,"s2lam040_231125","HighVeg"
86.7634288549808,3.21300086837861,10.0235702766406,"s2lam040_231130","HighVeg"
13.8029215152265,78.5714285714286,7.62564991334489,"s2lam041_230617","LowVeg"
81.8507979710504,12.4211307682791,5.72807126067054,"s2lam041_230703","HighVeg"
94.528162055336,3.50790513833992,1.96393280632411,"s2lam041_230711","HighVeg"
11.5833954760129,87.6211782252051,0.795426298782003,"s2lam041_230718","LowVeg"
100,0,0,"s2lam041_230804","HighVeg"
100,0,0,"s2lam041_230811","HighVeg"
64.8484848484848,10.4143475572047,24.7371675943105,"s2lam041_230818","HighVeg"
13.9171421483503,78.5040932771025,7.57876457454726,"s2lam041_231004","LowVeg"
58.7870519657696,19.1616023812477,22.0513456529828,"s2lam041_231011","HighVeg"
53.7611976929685,25.6718615781077,20.5669407289238,"s2lam041_231020","HighVeg"
11.5546218487395,87.5679683638161,0.877409787444389,"s2lam041_231027","LowVeg"
96.7408881701704,1.57979848239831,1.67931334743127,"s2lam041_231103","HighVeg"
93.2465923172243,2.46592317224287,4.28748451053284,"s2lam041_231110","HighVeg"
99.9752597723899,0.012370113805047,0.012370113805047,"s2lam041_231117","HighVeg"
64.3253919269226,10.4431551660289,25.2314529070485,"s2lam041_231125","HighVeg"
99.9875930521092,0.0124069478908189,0,"s2lam041_231130","HighVeg"
3.98371978293044,90.7375431672422,5.27873704982733,"s2lam042_230705","LowVeg"
35.0074404761905,61.7559523809524,3.23660714285714,"s2lam042_230710","LowVeg"
0,99.60203954732,0.397960452680015,"s2lam042_230805","LowVeg"
0.14765596160945,97.7482465854559,2.10409745293466,"s2lam042_230812","LowVeg"
3.50079842771158,92.7035990664537,3.79560250583466,"s2lam042_230826","LowVeg"
0.0492428905576757,98.6458205096639,1.30493659977841,"s2lam042_231025","LowVeg"
0.420375865479723,98.5163204747774,1.06330365974283,"s2lam042_231031","LowVeg"
0.32258064516129,98.8089330024814,0.86848635235732,"s2lam042_231106","LowVeg"
2.87725364287478,97.0486539886392,0.0740923684860459,"s2lam044_230613","LowVeg"
3.04733358311477,92.1443736730361,4.80829274384913,"s2lam044_230622","LowVeg"
0,99.4551083591331,0.544891640866873,"s2lam044_230809","LowVeg"
0,98.3256278895414,1.67437211045858,"s2lam044_230815","LowVeg"
0.0496216350328743,97.2832154819501,2.667162883017,"s2lam044_230930","LowVeg"
0.0620655412115194,95.9781529294935,3.95978152929494,"s2lam044_231016","LowVeg"
0,99.7763697353708,0.223630264629146,"s2lam044_231026","LowVeg"
12.8307042603403,79.2448143087815,7.92448143087815,"s2lam044_231107","LowVeg"
24.3256681168428,69.4717215661902,6.20261031696706,"s2lam044_231117","LowVeg"
5.68307352399656,88.854793175402,5.46213330060145,"s2lam044_231130","LowVeg"
0.883304304553371,4.47872605125653,94.6379696441901,"s2lam044_231208","Other"
3.95674612927009,95.9080855246989,0.135168346030966,"s2lam045_230705","LowVeg"
2.91718170580964,97.0580964153276,0.0247218788627936,"s2lam045_230725","LowVeg"
54.9092716877952,42.3440218742232,2.74670643798161,"s2lam045_230808","HighVeg"
0.0121832358674464,88.4381091617934,11.5497076023392,"s2lam045_231011","LowVeg"
6.81148748159057,92.9798723613157,0.208640157093765,"s2lam045_231016","LowVeg"
7.2790294627383,65.5360237682595,27.1849467690022,"s2lam045_231022","LowVeg"
43.0919050517346,48.8861838101035,8.0219111381619,"s2lam045_231028","LowVeg"
2.2508038585209,97.7491961414791,0,"s2lam045_231110","LowVeg"
4.18097106424718,17.3124080431584,78.5066208925944,"s2lam045_231117","Other"
0.295821521015654,99.1864908172069,0.517687661777394,"s2lam046_230705","LowVeg"
0.110673880964092,99.4097393015248,0.479586817511067,"s2lam046_230805","LowVeg"
0.533896200645642,98.3113980630743,1.15470573628011,"s2lam046_230812","LowVeg"
0.663635246405309,99.2872065871943,0.0491581664003933,"s2lam046_230826","LowVeg"
0.626381724392041,99.3122083026283,0.0614099729796119,"s2lam046_231025","LowVeg"
1.49678377041069,89.3617021276596,9.14151410192974,"s2lam046_231031","LowVeg"
0.147947232153865,98.6068302305511,1.24522253729503,"s2lam046_231106","LowVeg"
13.5906862745098,83.5539215686274,2.85539215686275,"s2lam047_230703","LowVeg"
1.132725929574,94.4348682590495,4.43240581137651,"s2lam047_230807","LowVeg"
3.77867746288799,79.3522267206478,16.8690958164642,"s2lam047_231107","LowVeg"
13.2874861844529,83.9616848827214,2.75082893282574,"s2lam047_231128","LowVeg"
3.47643201781517,95.7194111097365,0.804156872448348,"s2lam049_230613","LowVeg"
0.635197409390958,95.4664341761116,3.89836841449745,"s2lam049_230622","LowVeg"
4.15220624690134,93.2077342588002,2.64005949429846,"s2lam049_230712","LowVeg"
0,96.6641957005189,3.3358042994811,"s2lam049_230809","LowVeg"
0,97.2993154947106,2.70068450528936,"s2lam049_230815","LowVeg"
0.965585540975489,91.6934884872493,7.34092597177519,"s2lam049_230930","LowVeg"
3.24667247170046,90.3968155243189,6.35651200398059,"s2lam049_231016","LowVeg"
0,99.9626819256126,0.0373180743873616,"s2lam049_231026","LowVeg"
0.396923840238154,74.2495658645497,25.3535102952121,"s2lam049_231113","LowVeg"
2.85154815812018,90.8579121282585,6.29053971362134,"s2lam049_231130","LowVeg"
1.95211786372007,90.877839165132,7.17004297114794,"s2lam050_230705","LowVeg"
0.0370919881305638,98.8254203758655,1.13748763600396,"s2lam050_230805","LowVeg"
1.55902004454343,89.2972036624598,9.14377629299678,"s2lam050_230812","LowVeg"
2.73466371027347,95.0110864745011,2.25424981522543,"s2lam050_230826","LowVeg"
25.622381069756,72.2208528469312,2.15676608331279,"s2lam051_230702","LowVeg"
40.2707065689805,54.8987954799454,4.83049795107413,"s2lam051_230710","LowVeg"
29.0330507433346,65.9909079739526,4.97604128271286,"s2lam051_230717","LowVeg"
99.4577273847671,0.50529948237614,0.0369731328567907,"s2lam051_230820","HighVeg"
0.0618965090368903,95.8653131963357,4.07279029462738,"s2lam051_231010","LowVeg"
55.1719855954303,42.1085309822426,2.71948342232708,"s2lam051_231030","HighVeg"
28.4102182539683,68.9980158730159,2.59176587301587,"s2lam051_231113","LowVeg"
1.72138202385344,97.6392475101439,0.639370466002705,"s2lam052_230702","LowVeg"
37.1226239284383,50.1056031805193,12.7717728910424,"s2lam052_230710","LowVeg"
43.3136676499508,41.0889872173058,15.5973451327434,"s2lam052_230717","HighVeg"
99.9384993849938,0.01230012300123,0.04920049200492,"s2lam052_230820","HighVeg"
31.5834980237154,67.7371541501976,0.679347826086957,"s2lam052_231011","LowVeg"
30.5170084735356,62.5936387080928,6.88935281837161,"s2lam052_231103","LowVeg"
2.28866740494647,96.9976621139412,0.713670481112342,"s2lam052_231115","LowVeg"
5.01704822211398,89.9050170482221,5.07793472966391,"s2lam052_231128","LowVeg"
6.54761904761905,88.7276785714286,4.72470238095238,"s2lam054_230605","LowVeg"
0,99.8046398046398,0.195360195360195,"s2lam054_230630","LowVeg"
1.01194830529139,65.0573030968057,33.9307485979029,"s2lam054_230705","LowVeg"
29.0893449674327,50.878702224407,20.0319528081603,"s2lam054_230725","LowVeg"
7.07846003898635,11.7568226120858,81.1647173489279,"s2lam054_230807","Other"
5.95049384221436,77.8929398853798,16.1565662724058,"s2lam054_230812","LowVeg"
1.41922744662471,95.4214488461064,3.15932370726891,"s2lam054_230822","LowVeg"
0.0121802679658952,92.204628501827,7.78319123020706,"s2lam055_230705","LowVeg"
0.14760147601476,97.0110701107011,2.84132841328413,"s2lam055_230710","LowVeg"
0.788760167611536,99.0756716785802,0.135568153808233,"s2lam055_230907","LowVeg"
0.68991006529506,99.1868917087594,0.123198225945546,"s2lam055_231018","LowVeg"
9.60277193416656,86.4001979952976,3.99703007053582,"s2lam056_230705","LowVeg"
0,97.2729516288253,2.72704837117473,"s2lam056_230710","LowVeg"
10.5529498889163,89.101456430511,0.345593680572698,"s2lam056_230907","LowVeg"
10.5516475379489,89.1028014315686,0.345551030482537,"s2lam056_231018","LowVeg"
99.2224142187114,0.703529992594421,0.0740557886941496,"s2lam056_231118","HighVeg"
0.134919661474304,72.3905310928493,27.4745492456764,"s2lam056_231128","LowVeg"
2.66355713759666,94.6483368110961,2.68810605130723,"s2lam057_230807","LowVeg"
0.012313754463736,99.7044698928703,0.283216352665928,"s2lam057_231011","LowVeg"
0.173310225303293,98.5021044813073,1.32458529338945,"s2lam058_230605","LowVeg"
0.135151738542819,98.4396117459147,1.42523651554245,"s2lam058_230630","LowVeg"
21.0371460095623,68.43202157656,10.5308324138777,"s2lam058_230705","LowVeg"
1.90570473951244,98.0942952604876,0,"s2lam058_230725","LowVeg"
0,62.6365441906653,37.3634558093347,"s2lam058_230811","LowVeg"
7.08506987006619,86.8595243932336,6.05540573670017,"s2lam058_231010","LowVeg"
12.8318042813456,85.8960244648318,1.27217125382263,"s2lam058_231016","LowVeg"
3.50400987045034,90.1542257865515,6.34176434299815,"s2lam058_231022","LowVeg"
5.19385515727871,88.6369178249208,6.16922701780054,"s2lam058_231028","LowVeg"
29.3388936587759,51.4166564454802,19.2444498957439,"s2lam058_231110","LowVeg"
2.71198920112897,63.4188243956314,33.8691864032397,"s2lam058_231117","LowVeg"
0.614099729796119,77.1923360353722,22.1935642348317,"s2lam059_230704","LowVeg"
1.38425410950439,98.2326041280435,0.383141762452107,"s2lam059_230826","LowVeg"
0,96.4312175845888,3.56878241541121,"s2lam060_230809","LowVeg"
0.0248323814253787,65.4581574372982,34.5170101812764,"s2lam060_230815","LowVeg"
0.0124192747143567,98.1495280675609,1.83805265772479,"s2lam060_230930","LowVeg"
0.0245459008345606,23.9199803632793,76.0554737358861,"s2lam060_231013","Other"
0.346363186541316,83.3250865907966,16.328550222662,"s2lam060_231025","LowVeg"
0.458317849622197,89.0623064536108,10.479375696767,"s2lam060_231106","LowVeg"
0.0373041531957225,52.7605073364835,47.2021885103208,"s2lam060_231113","LowVeg"
35.5544566695512,60.8975151440227,3.54802818642601,"s2lam061_230721","LowVeg"
18.1604357514236,81.8395642485764,0,"s2lam061_230814","LowVeg"
54.6859545004946,43.4965380811078,1.81750741839763,"s2lam061_231113","HighVeg"
2.59500676423564,93.8015004304514,3.603492805313,"s2lam063_230630","LowVeg"
23.1547765983708,74.3890397432733,2.45618365835596,"s2lam063_230725","LowVeg"
11.7675900956117,35.75631282177,52.4760970826183,"s2lam063_230807","Other"
4.92682926829268,91.8780487804878,3.19512195121951,"s2lam063_230812","LowVeg"
5.53223018029143,88.9108421832551,5.55692763645345,"s2lam063_230822","LowVeg"
2.66503667481663,16.1124694376528,81.2224938875306,"s2lam063_231011","Other"
0.926377376889322,66.4797659678206,32.5938566552901,"s2lam063_231016","LowVeg"
2.06708751083055,64.1292239138507,33.8036885753187,"s2lam063_231022","LowVeg"
0,99.8413279628951,0.158672037104846,"s2lam063_231029","LowVeg"
3.38735226026563,16.5224808090654,80.0901669306689,"s2lam063_231117","Other"
0.0122219506233195,98.1667074065021,1.8210706428746,"s2lam063_231125","LowVeg"
83.6006465249285,2.85962949148328,13.5397239835882,"s2lam065_230622","HighVeg"
1.36632200886263,97.5873953717381,1.04628261939931,"s2lam065_230702","LowVeg"
1.3393954288523,94.138608994839,4.52199557630867,"s2lam065_230710","LowVeg"
30.6029718776864,62.6550411396291,6.74198698268451,"s2lam065_230717","LowVeg"
0.0124177325220415,98.497454364833,1.49012790264498,"s2lam065_231010","LowVeg"
88.0218010652793,9.01771336553945,2.96048556918122,"s2lam065_231020","HighVeg"
0.136172319881159,81.1587026491706,18.7051250309483,"s2lam067_230713","LowVeg"
0.285749782581687,83.7619580072059,15.9522922102124,"s2lam067_230725","LowVeg"
5.62577447335812,79.5786864931846,14.7955390334572,"s2lam067_230822","LowVeg"
0,97.776121257299,2.22387874270096,"s2lam067_231005","LowVeg"
0,99.987640588308,0.0123594116920035,"s2lam067_231014","LowVeg"
0,91.737575533358,8.262424466642,"s2lam067_231025","LowVeg"
0,63.0597014925373,36.9402985074627,"s2lam067_231107","LowVeg"
85.733746130031,3.24458204334365,11.0216718266254,"s2lam068_230622","HighVeg"
2.07075064710958,95.3038333538765,2.62541599901393,"s2lam068_230702","LowVeg"
0.135534746180384,96.5130606209956,3.35140463282405,"s2lam068_230710","LowVeg"
39.7878638381845,58.3744449925999,1.83769116921559,"s2lam068_230717","LowVeg"
19.0359075258239,79.7712739793409,1.19281849483522,"s2lam069_230702","LowVeg"
5.01358360088911,92.8871326253396,2.0992837737713,"s2lam069_230710","LowVeg"
25.5900160632645,72.6059557642407,1.80402817249475,"s2lam069_230717","LowVeg"
0.0368912936546975,96.8027545499262,3.16035415641909,"s2lam069_231010","LowVeg"
89.0897832817337,4.99071207430341,5.91950464396285,"s2lam069_231020","HighVeg"
26.087496892866,73.1667909520258,0.745712155108128,"s2lam069_231113","LowVeg"
0.948275862068966,98.8423645320197,0.20935960591133,"s2lam071_230702","LowVeg"
52.2093310293755,45.6677363613923,2.12293260923229,"s2lam071_230710","HighVeg"
2.25119940952147,97.0353056956575,0.713494894821011,"s2lam071_230717","LowVeg"
97.0171329964255,2.8226303463577,0.160236657216813,"s2lam071_230820","HighVeg"
0.160394818013572,89.0067859346083,10.8328192473782,"s2lam071_231011","LowVeg"
24.8734724108135,68.3742747808912,6.75225280829527,"s2lam071_231103","LowVeg"
0.0368867576540022,99.6803147669986,0.28279847534735,"s2lam071_231115","LowVeg"
4.41914555025095,78.7489288774636,16.8319255722855,"s2lam071_231127","LowVeg"
4.46000737191301,91.6697382970881,3.87025433099889,"s2lam072_230704","LowVeg"
0,95.0523429710867,4.94765702891326,"s2lam072_230805","LowVeg"
0,99.6776992686253,0.322300731374737,"s2lam072_230812","LowVeg"
0.850696584884724,86.5244729379855,12.6248304771298,"s2lam072_231025","LowVeg"
0.604117864628283,98.2492910861793,1.14659104919245,"s2lam072_231031","LowVeg"
0.0857422831945125,98.015678588927,1.89857912787849,"s2lam072_231106","LowVeg"
26.1283541486336,66.9716829479411,6.89996290342525,"s2lam073_230705","LowVeg"
0.0123243776189302,99.7411880700025,0.246487552378605,"s2lam073_230710","LowVeg"
0.0245248313917842,90.4353157572042,9.54015941140405,"s2lam073_230807","LowVeg"
2.55165546427682,73.7241722678616,23.7241722678616,"s2lam073_231010","LowVeg"
98.1256206554121,0.484111221449851,1.39026812313803,"s2lam073_231020","HighVeg"
16.1841776890442,83.4289992513102,0.38682305964562,"s2lam073_231113","LowVeg"
11.8096646942801,76.8984220907298,11.2919132149901,"s2lam074_230617","LowVeg"
54.2198537613087,45.7801462386913,0,"s2lam074_230703","HighVeg"
15.0806352332882,76.9297057737289,7.98965899298289,"s2lam074_230711","LowVeg"
50.4616520989782,25.3354671919242,24.2028807090976,"s2lam074_230718","HighVeg"
99.7020484171322,0.074487895716946,0.223463687150838,"s2lam074_230725","HighVeg"
99.926226484692,0,0.0737735153080044,"s2lam074_230804","HighVeg"
99.8886827458256,0.0371057513914657,0.0742115027829314,"s2lam074_230811","HighVeg"
68.6274509803922,17.4360883593944,13.9364606602135,"s2lam074_230818","HighVeg"
95.2493177871496,0.421731580253039,4.32895063259737,"s2lam074_230829","HighVeg"
16.7160859896219,80.9859154929577,2.29799851742031,"s2lam074_231004","LowVeg"
26.1403073872087,68.64154685176,5.21814576103123,"s2lam074_231011","LowVeg"
95.8220693044974,3.96903416072745,0.208896534775129,"s2lam074_231020","HighVeg"
28.6525873780413,53.8347536124491,17.5126590095097,"s2lam074_231027","LowVeg"
98.5606154609753,0.459114033999255,0.980270505025437,"s2lam074_231103","HighVeg"
99.9505317833292,0.0371011625030918,0.0123670541676973,"s2lam074_231110","HighVeg"
99.8514299863811,0.0866658412777021,0.0619041723412158,"s2lam074_231117","HighVeg"
41.4346096469418,52.7971158627549,5.76827449030333,"s2lam074_231125","LowVeg"
90.7948749844508,5.62258987436248,3.58253514118671,"s2lam074_231130","HighVeg"
1.14243139202782,98.4353657022228,0.42220290574941,"s2lam076_230613","LowVeg"
1.90796857463524,93.1412894375857,4.95074198777902,"s2lam076_230622","LowVeg"
1.87600944216673,93.2041247359921,4.91986582184122,"s2lam076_230712","LowVeg"
62.0723724836359,33.3209830801531,4.60664443621094,"s2lam076_230809","HighVeg"
0.784069695084007,99.116365899191,0.0995644057249533,"s2lam076_230815","LowVeg"
0.969425801640567,98.8814317673378,0.149142431021626,"s2lam076_231001","LowVeg"
1.28379212442908,93.3218121219602,5.39439575361067,"s2lam076_231013","LowVeg"
0,92.2371031746032,7.76289682539683,"s2lam076_231025","LowVeg"
0,44.8931411530815,55.1068588469185,"s2lam076_231107","Other"
0,97.9654747225647,2.03452527743526,"s2lam076_231117","LowVeg"
0.379622826353172,81.7781043350478,17.8422728385991,"s2lam077_230808","LowVeg"
7.51422405336472,70.904453600157,21.5813223464783,"s2lam077_230823","LowVeg"
5.22544780728845,92.8227300802965,1.95182211241507,"s2lam077_231108","LowVeg"
99.9384766826627,0.0246093269349083,0.0369139904023625,"s2lam077_231118","HighVeg"
10.5146787863899,86.316177373787,3.16914383982312,"s2lam077_231128","LowVeg"
0,27.0976616231087,72.9023383768913,"s2lam077_231208","Other"
2.85891858297079,93.0764449968925,4.06463642013673,"s2lam078_230605","LowVeg"
2.78796771826853,15.7617999510883,81.4502323306432,"s2lam078_230630","Other"
0.452101661779081,99.3768328445748,0.171065493646139,"s2lam078_230705","LowVeg"
0.334117064719713,98.1314193787898,1.53446355649053,"s2lam078_230725","LowVeg"
0,67.8332092330603,32.1667907669397,"s2lam078_230811","LowVeg"
5.73700305810398,84,10.262996941896,"s2lam078_231010","LowVeg"
0.885064535955747,98.8690842040565,0.245851259987707,"s2lam078_231016","LowVeg"
10.3273625694873,34.4780728844966,55.1945645460161,"s2lam078_231022","Other"
2.1219512195122,96.6219512195122,1.25609756097561,"s2lam078_231028","LowVeg"
17.5959892394228,60.5893861579848,21.8146246025923,"s2lam078_231117","LowVeg"
96.7261904761905,1.61210317460317,1.66170634920635,"s2lam079_230725","HighVeg"
93.0313157569006,2.50030944423815,4.46837479886125,"s2lam079_230804","HighVeg"
100,0,0,"s2lam079_230811","HighVeg"
19.0570473951244,78.5546343274347,2.38831827744091,"s2lam079_230819","LowVeg"
86.3202282029021,3.34862954235396,10.3311422547439,"s2lam079_230829","HighVeg"
39.5014262681384,18.603497457522,41.8950762743396,"s2lam079_231011","Other"
15.9985243482538,75.5779636005903,8.42351205115593,"s2lam079_231020","LowVeg"
18.2456572625354,62.5107798447702,19.2435628926943,"s2lam079_231027","LowVeg"
99.3190541042466,0.0990466757459453,0.581899220007429,"s2lam079_231103","HighVeg"
100,0,0,"s2lam079_231117","HighVeg"
19.5043370508055,77.9801734820322,2.51548946716233,"s2lam079_231125","LowVeg"
95.7391304347826,1.32919254658385,2.93167701863354,"s2lam079_231130","HighVeg"
5.46054238944539,35.8661128756413,58.6733447349133,"s2lam080_230807","Other"
11.4264741864448,82.4688035233668,6.1047222901884,"s2lam080_231027","LowVeg"
97.090371100974,2.7370237948465,0.172605104179509,"s2lam080_231118","HighVeg"
2.65356265356265,94.6560196560197,2.69041769041769,"s2lam080_231128","LowVeg"
0.972083748753739,1.54536390827517,97.4825523429711,"s2lam080_231208","Other"
8.43030453082446,86.9893538004457,4.58034166872988,"s2lam081_230605","LowVeg"
11.329806864313,87.9813015131012,0.688891622585804,"s2lam081_230630","LowVeg"
0.427663734115347,95.8699902248289,3.70234604105572,"s2lam081_230705","LowVeg"
0,97.3720094210983,2.6279905789017,"s2lam082_230714","LowVeg"
2.92695026665013,90.7850675927074,6.28798214064244,"s2lam082_230726","LowVeg"
0.347093095326639,99.6405107226974,0.0123961819759514,"s2lam082_230808","LowVeg"
0.828387734915925,94.9183976261128,4.25321463897132,"s2lam082_231010","LowVeg"
0.0994530084535057,97.4017901541522,2.49875683739433,"s2lam082_231019","LowVeg"
5.28011898859693,71.777392166584,22.942488844819,"s2lam082_231106","LowVeg"
3.98219144199852,92.6168686618847,3.40093989611674,"s2lam083_230705","LowVeg"
0.111069974083673,98.5190670122177,1.36986301369863,"s2lam083_230805","LowVeg"
0.591861898890259,98.2614056720099,1.14673242909988,"s2lam083_230811","LowVeg"
0.76204523107178,86.6027531956735,12.6352015732547,"s2lam083_230826","LowVeg"
2.00319528081603,97.8001720535824,0.196632665601573,"s2lam083_231025","LowVeg"
0,99.6040584013858,0.395941598614204,"s2lam083_231031","LowVeg"
0.049297510475721,98.9770766576288,0.973625831895489,"s2lam083_231106","LowVeg"
0.123670541676973,61.3282216176107,38.5481078407123,"s2lam084_230605","LowVeg"
0,87.9858657243816,12.0141342756184,"s2lam084_230630","LowVeg"
2.41836484164007,97.5325313037073,0.0491038546525902,"s2lam084_230705","LowVeg"
1.65862111647481,73.9447951479143,24.3965837356108,"s2lam084_230725","LowVeg"
6.29950042646521,23.5896186182527,70.1108809552821,"s2lam084_230807","Other"
4.28396572827417,45.9485924112607,49.7674418604651,"s2lam084_230813","Other"
1.95145749481644,96.7313086961825,1.3172338090011,"s2lam084_230820","LowVeg"
0.742115027829313,97.6499690785405,1.60791589363018,"s2lam084_231110","LowVeg"
1.04153902708001,85.5042274231099,13.4542335498101,"s2lam084_231117","LowVeg"
19.9853854585312,74.0957252466204,5.91888929484837,"s2lam085_230703","LowVeg"
2.069556698506,3.42885133480284,94.5015919666912,"s2lam085_230808","Other"
5.41243497646767,92.7792915531335,1.80827347039881,"s2lam085_230822","LowVeg"
0.0619578686493185,98.5377942998761,1.4002478314746,"s2lam085_231108","LowVeg"
0.158730158730159,79.3528693528693,20.4884004884005,"s2lam085_231128","LowVeg"
0,31.0366387395273,68.9633612604727,"s2lam085_231208","Other"
0.791589363017934,97.9220779220779,1.28633271490414,"s2lam086_230702","LowVeg"
0.03690036900369,99.6924969249692,0.27060270602706,"s2lam086_230710","LowVeg"
60.3057199211045,38.3505917159763,1.34368836291913,"s2lam086_230717","HighVeg"
99.2583436341162,0.630407911001236,0.111248454882571,"s2lam086_230820","HighVeg"
0.0615081805880182,92.4713986960266,7.46709312338541,"s2lam086_231010","LowVeg"
18.590220898486,80.367336808141,1.04244229337305,"s2lam086_231113","LowVeg"
0,98.7642115669797,1.23578843302027,"s2lam087_230714","LowVeg"
0.247985120892746,99.3180409175449,0.433973961562306,"s2lam087_230726","LowVeg"
4.8922467178598,71.6373544711419,23.4703988109983,"s2lam087_230808","LowVeg"
3.56391535701027,78.1957678505135,18.2403167924762,"s2lam087_230822","LowVeg"
12.4984485540524,87.0547350130321,0.446816432915477,"s2lam087_231019","LowVeg"
0.0861962812461519,99.9014899642901,0.012313754463736,"s2lam087_231106","LowVeg"
0.455440669620876,94.8301329394387,4.71442639094042,"s2lam087_231115","LowVeg"
61.4622057001239,16.5303593556382,22.0074349442379,"s2lam088_230703","HighVeg"
53.7287718434654,25.387644597588,20.8835835589466,"s2lam088_230711","HighVeg"
27.8672281397077,59.7844934357196,12.3482784245727,"s2lam088_230718","LowVeg"
99.5519601742377,0.261356565028002,0.186683260734287,"s2lam088_230725","HighVeg"
99.9258068505008,0.0247310498330654,0.0494620996661308,"s2lam088_230804","HighVeg"
99.8262596177712,0.111690245718541,0.0620501365103003,"s2lam088_230811","HighVeg"
53.7754595131644,43.7406855439642,2.48385494287134,"s2lam088_230819","HighVeg"
99.7883729615337,0.0746918959292917,0.136935142537035,"s2lam088_230829","HighVeg"
52.3756357771989,46.8552288797916,0.769135343009552,"s2lam088_231011","HighVeg"
93.9076923076923,4.06153846153846,2.03076923076923,"s2lam088_231020","HighVeg"
50.8407517309594,25.2225519287834,23.9366963402572,"s2lam088_231027","HighVeg"
99.1062562065541,0.099304865938431,0.794438927507448,"s2lam088_231103","HighVeg"
99.8026153466568,0.0123365408339502,0.185048112509252,"s2lam088_231110","HighVeg"
99.9503598907918,0.0124100273020601,0.0372300819061802,"s2lam088_231117","HighVeg"
22.8670206198296,74.8117051487838,2.32127423138659,"s2lam088_231125","LowVeg"
96.5218467632133,0.0990221562074514,3.37913108057928,"s2lam088_231130","HighVeg"
2.49382716049383,94.4691358024691,3.03703703703704,"s2lam089_230702","LowVeg"
51.1806156508839,46.5076029175423,2.31178143157374,"s2lam089_230710","HighVeg"
0.112079701120797,99.8007471980075,0.087173100871731,"s2lam089_230717","LowVeg"
84.670451740311,11.0713404097754,4.2582078499136,"s2lam089_230820","HighVeg"
2.92123752002958,94.835449278935,2.24331320103538,"s2lam089_231025","LowVeg"
0.111028867505551,99.6669133974833,0.222057735011103,"s2lam089_231031","LowVeg"
0,99.4772218073189,0.522778192681105,"s2lam089_231106","LowVeg"
7.9065141720537,77.7971158627549,14.2963699651914,"s2lam090_230718","LowVeg"
3.3147113594041,90.5896958410925,6.09559279950341,"s2lam090_230728","LowVeg"
2.79920378203533,84.1378452351331,13.0629509828316,"s2lam091_230605","LowVeg"
16.307998507277,83.281502674462,0.410498818260978,"s2lam091_230712","LowVeg"
3.72168284789644,57.1944236992781,39.0838934528255,"s2lam091_230727","LowVeg"
34.4934357195938,62.1129551647263,3.39360911567996,"s2lam091_231017","LowVeg"
48.5354097144976,49.8084291187739,1.65616116672846,"s2lam091_231113","LowVeg"
1.5009842519685,98.2652559055118,0.233759842519685,"s2lam092_230705","LowVeg"
0.0857632933104631,98.0641999509924,1.85003675569713,"s2lam092_230804","LowVeg"
0.123365408339502,95.5711818406119,4.30545275104861,"s2lam092_230812","LowVeg"
0.0861008610086101,98.5239852398524,1.38991389913899,"s2lam092_230826","LowVeg"
5.53301364810033,94.1718922906677,0.295094061232018,"s2lam092_231025","LowVeg"
0.160276168166687,94.0451239058069,5.79459992602638,"s2lam092_231031","LowVeg"
0,99.5913312693499,0.408668730650155,"s2lam092_231106","LowVeg"
26.1887072808321,68.6354631005448,5.17582961862308,"s2lam093_230703","LowVeg"
55.2093596059113,18.9408866995074,25.8497536945813,"s2lam093_230711","HighVeg"
71.8110041944239,19.0722921292869,9.11670367628917,"s2lam093_230718","HighVeg"
98.7380922924657,0.136088086106644,1.12581962142769,"s2lam093_230725","HighVeg"
99.987722529159,0,0.0122774708410068,"s2lam093_230804","HighVeg"
99.279324055666,0.571570576540755,0.149105367793241,"s2lam093_230811","HighVeg"
67.2460552268245,32.6306706114398,0.1232741617357,"s2lam093_230818","HighVeg"
78.5918291320005,19.8062833726562,1.60188749534335,"s2lam093_230829","HighVeg"
11.9041738700914,77.0437144974068,11.0521116325019,"s2lam093_231004","LowVeg"
81.8563836361389,12.4212087504635,5.7224076133976,"s2lam093_231011","HighVeg"
82.2820607401943,9.14791589819255,8.57002336161318,"s2lam093_231020","HighVeg"
44.6466146800347,52.172298551801,3.18108676816438,"s2lam093_231027","LowVeg"
100,0,0,"s2lam093_231110","HighVeg"
100,0,0,"s2lam093_231117","HighVeg"
99.7042149371457,0.295785062854326,0,"s2lam093_231125","HighVeg"
77.5583705911575,20.7650273224044,1.67660208643815,"s2lam093_231130","HighVeg"
2.30312035661218,75.2724120851907,22.4244675581971,"s2lam095_230710","LowVeg"
35.8939580764488,48.2860665844636,15.8199753390875,"s2lam095_230814","LowVeg"
38.3630769230769,57.9938461538462,3.64307692307692,"s2lam095_231017","LowVeg"
86.0651690940509,13.1325598617625,0.802271044186621,"s2lam095_231109","HighVeg"
10.5003697313286,86.3569139758442,3.14271629282721,"s2lam096_230807","LowVeg"
4.73372781065089,78.6324786324786,16.6337935568705,"s2lam096_230823","LowVeg"
19.565482729159,74.5270352740144,5.90748199682656,"s2lam096_231027","LowVeg"
18.455098934551,32.572298325723,48.972602739726,"s2lam096_231107","Other"
99.4705085580594,0.49255017854944,0.036941263391208,"s2lam096_231118","HighVeg"
0.614552605703048,91.8510324483776,7.53441494591937,"s2lam096_231128","LowVeg"
0.136935142537035,0.0622432466077431,99.8008216108552,"s2lam096_231208","Other"
23.1690915759873,64.3599462036924,12.4709622203203,"s2lam097_230703","LowVeg"
0.574782927724104,7.57001345236639,91.8552036199095,"s2lam097_230808","Other"
28.4862784055631,68.1360983484416,3.37762324599528,"s2lam098_230712","LowVeg"
0.0124362641462505,87.1782116652158,12.809352070638,"s2lam098_230811","LowVeg"
0,99.0319813748315,0.968018625168484,"s2lam098_231029","LowVeg"
2.05983325159392,57.3933300637567,40.5468366846493,"s2lam098_231117","LowVeg"
0.121536217792902,63.6606708799222,36.2177929022849,"s2lam098_231125","LowVeg"
11.2859931673987,82.6744753538311,6.03953147877013,"s2lam099_230703","LowVeg"
14.3854064642507,81.4152791380999,4.19931439764936,"s2lam099_230808","LowVeg"
0,97.2619634928466,2.73803650715343,"s2lam099_231011","LowVeg"
60.2098765432099,38.4444444444444,1.34567901234568,"s2lam099_231103","HighVeg"
4.88587291795188,92.9179518815546,2.19617520049352,"s2lam099_231115","LowVeg"
3.59095427435388,58.648111332008,37.7609343936382,"s2lam101_230605","LowVeg"
0,99.0193674920324,0.980632507967639,"s2lam101_230630","LowVeg"
12.8456080254465,85.7964276975777,1.35796427697578,"s2lam101_230705","LowVeg"
2.28557385106906,95.7114770213812,2.00294912754977,"s2lam101_230725","LowVeg"
3.0185370741483,88.5395791583166,8.44188376753507,"s2lam101_230811","LowVeg"
6.97274736066781,89.9828136508716,3.04443898846059,"s2lam101_231010","LowVeg"
0.366479354996335,99.4258490105057,0.207671634497923,"s2lam101_231016","LowVeg"
6.74854236447091,72.4848033742712,20.7666542612579,"s2lam101_231022","LowVeg"
4.05554872803244,64.7167260661177,31.2277252058498,"s2lam101_231028","LowVeg"
2.33100233100233,95.6201693043798,2.04882836461784,"s2lam101_231110","LowVeg"
11.3814180929095,36.0146699266504,52.6039119804401,"s2lam101_231117","Other"
0.942343459392436,98.2393056416615,0.818350898946063,"s2lam103_230714","LowVeg"
0.0495233378729726,91.2467500309521,8.70372663117494,"s2lam103_230726","LowVeg"
0.13640873015873,99.8511904761905,0.0124007936507937,"s2lam103_230808","LowVeg"
0,99.4086485154614,0.591351484538623,"s2lam103_231010","LowVeg"
0.0370599135268684,91.7603458925262,8.20259419394688,"s2lam103_231019","LowVeg"
3.80421313506815,96.1710037174721,0.0247831474597274,"s2lam103_231106","LowVeg"
0.295821521015654,66.2393689140885,33.4648095648958,"s2lam103_231114","LowVeg"
16.8759231905465,80.9207287050714,2.20334810438208,"s2lam104_230617","LowVeg"
64.484126984127,25.9796626984127,9.53621031746032,"s2lam104_230703","HighVeg"
93.8054187192118,4.17487684729064,2.01970443349754,"s2lam104_230711","HighVeg"
49.9503475670308,26.5640516385303,23.4856007944389,"s2lam104_230718","HighVeg"
99.317702518298,0.0992432700657487,0.583054211636273,"s2lam104_230725","HighVeg"
99.4601226993865,0.098159509202454,0.441717791411043,"s2lam104_230804","HighVeg"
100,0,0,"s2lam104_230811","HighVeg"
99.7161194766724,0.283880523327573,0,"s2lam104_230818","HighVeg"
96.5461747957415,0.0990344144590245,3.35479078979946,"s2lam104_230829","HighVeg"
20.0198338911615,64.5841080947068,15.3960580141316,"s2lam104_231004","LowVeg"
67.8844729696371,17.8844729696371,14.2310540607257,"s2lam104_231011","HighVeg"
97.0189701897019,2.89480167528948,0.0862281350086228,"s2lam104_231020","HighVeg"
99.6885899352267,0.137020428500249,0.174389636273044,"s2lam104_231103","HighVeg"
99.9258710155671,0,0.0741289844329133,"s2lam104_231110","HighVeg"
100,0,0,"s2lam104_231117","HighVeg"
53.3772038738515,44.1892227464614,2.43357337968711,"s2lam104_231125","HighVeg"
72.7575160177427,27.2424839822573,0,"s2lam104_231130","HighVeg"
0.0730727073438071,25.8068444769212,74.120082815735,"s2lam105_230630","Other"
10.0577182856441,89.7335134471325,0.208768267223382,"s2lam105_230705","LowVeg"
0.741564701520208,97.6517117785193,1.60672351996045,"s2lam105_230725","LowVeg"
7.85653287788215,12.7363669635232,79.4071001585946,"s2lam105_230807","Other"
12.7272727272727,80.2562538133008,7.01647345942648,"s2lam105_230812","LowVeg"
9.42037827943868,87.3581452104942,3.22147651006711,"s2lam105_230820","LowVeg"
5.56784660766962,90.0811209439528,4.35103244837758,"s2lam105_231016","LowVeg"
3.23404255319149,19.0759878419453,77.6899696048632,"s2lam105_231022","Other"
0.243516376476318,99.2329234140996,0.523560209424084,"s2lam105_231029","LowVeg"
4.26768926274122,76.2370113805047,19.4952993567541,"s2lam105_231110","LowVeg"
2.71832718327183,32.939729397294,64.3419434194342,"s2lam105_231117","Other"
68.5324148111699,28.3429696149588,3.12461557387133,"s2lam106_230725","HighVeg"
20.0421417947447,64.4645513138324,15.4933068914229,"s2lam107_230617","LowVeg"
67.7503090234858,17.9975278121137,14.2521631644005,"s2lam107_230703","HighVeg"
96.0936537276648,3.77079482439926,0.135551447935921,"s2lam107_230711","HighVeg"
17.6427165354331,63.4104330708661,18.9468503937008,"s2lam107_230718","LowVeg"
98.6235119047619,0.458829365079365,0.91765873015873,"s2lam107_230725","HighVeg"
95.2010856155934,1.15963483839132,3.6392795460153,"s2lam107_230811","HighVeg"
76.4276885043263,22.0395550061805,1.5327564894932,"s2lam107_230819","HighVeg"
72.1981424148607,27.7894736842105,0.0123839009287926,"s2lam107_230829","HighVeg"
7.6305716755155,82.3434991974318,10.0259291270527,"s2lam107_231004","LowVeg"
45.8097116095637,47.3625831895489,6.82770520088736,"s2lam107_231027","LowVeg"
99.6520442400895,0.149123897104511,0.198831862806015,"s2lam107_231103","HighVeg"
99.3494537866699,0.14729348226341,0.50325273106665,"s2lam107_231110","HighVeg"
99.3182099913227,0.533035824965911,0.148754183711417,"s2lam107_231117","HighVeg"
84.4702648675662,9.29535232383808,6.2343828085957,"s2lam107_231125","HighVeg"
95.2357320099256,0.421836228287841,4.3424317617866,"s2lam107_231130","HighVeg"
12.9056229873669,86.7475848402279,0.346792172405251,"s2lam108_230726","LowVeg"
2.03980714550624,97.9354679193967,0.0247249350970454,"s2lam108_230808","LowVeg"
6.26476072094469,82.5108763206961,11.2243629583592,"s2lam108_230822","LowVeg"
0.17232890201871,92.8852781880847,6.9423929098966,"s2lam108_231010","LowVeg"
0,99.2341897233202,0.765810276679842,"s2lam108_231019","LowVeg"
0.38404360753221,94.6110009910803,5.00495540138751,"s2lam108_231106","LowVeg"
4.67670286278381,93.2255676209279,2.09772951628825,"s2lam109_230702","LowVeg"
2.3307989530101,96.8465661223981,0.822634924591799,"s2lam109_230710","LowVeg"
31.3177339901478,65.8866995073892,2.79556650246305,"s2lam109_230717","LowVeg"
0.0123258967089856,99.2111426106249,0.776531492666091,"s2lam109_231010","LowVeg"
35.5831265508685,63.560794044665,0.856079404466501,"s2lam109_231113","LowVeg"
5.91278640059128,93.2249322493225,0.862281350086228,"s2lam110_230702","LowVeg"
1.27160493827161,96.9259259259259,1.80246913580247,"s2lam110_230710","LowVeg"
24.1871921182266,69.076354679803,6.73645320197044,"s2lam110_230717","LowVeg"
99.9136229022705,0.0740375123395854,0.0123395853899309,"s2lam110_230820","HighVeg"
0.0123685837971552,95.5596784168213,4.42795299938157,"s2lam110_231010","LowVeg"
93.7771166480724,2.91310276434858,3.30978058757903,"s2lam110_231020","HighVeg"
0,97.6358460205471,2.3641539794529,"s2lam111_230707","LowVeg"
0,99.9875899726979,0.0124100273020601,"s2lam111_230717","LowVeg"
0.136798905608755,96.9531152841686,2.91008581022261,"s2lam111_230728","LowVeg"
0.0741198270537369,94.0457072266831,5.88017294626313,"s2lam111_230811","LowVeg"
0.0372717107715244,52.9009814883836,47.0617468008448,"s2lam111_230821","LowVeg"
0,72.3721855952233,27.6278144047767,"s2lam111_231005","LowVeg"
0.0496401092082403,81.9558203028047,17.9945395879871,"s2lam111_231013","LowVeg"
0,95.1458721291123,4.85412787088765,"s2lam111_231025","LowVeg"
0,54.5623145400593,45.4376854599407,"s2lam111_231108","LowVeg"
71.0510065456342,15.0055576139311,13.9434358404347,"s2lam111_231117","HighVeg"
0.334862954235396,92.2237380627558,7.44139898300881,"s2lam111_231122","LowVeg"
0.344234079173838,80.8089500860585,18.8468158347676,"s2lam112_230705","LowVeg"
0,99.4782608695652,0.521739130434783,"s2lam112_230805","LowVeg"
0.246396451891093,98.7064186275718,1.04718492053714,"s2lam112_230812","LowVeg"
0.0490436488474743,96.1991172143208,3.75183913683178,"s2lam112_230826","LowVeg"
0.185116623472788,97.8279649512526,1.98691842527459,"s2lam112_231025","LowVeg"
0.184820108427797,95.5643173977329,4.25086249383933,"s2lam112_231031","LowVeg"
0,99.1365486616504,0.863451338349574,"s2lam112_231106","LowVeg"
11.0555216595485,69.0054911531422,19.9389871873093,"s2lam113_230703","LowVeg"
0.342801175318315,95.8129285014691,3.84427032321254,"s2lam113_230808","LowVeg"
18.5001903311762,32.6988960791778,48.800913589646,"s2lam113_230822","Other"
52.0470006184292,45.8750773036487,2.07792207792208,"s2lam113_231103","HighVeg"
2.33947237431558,96.8392234942758,0.821304131408661,"s2lam113_231115","LowVeg"
0.269574807008945,96.1156720990075,3.61475309398358,"s2lam113_231127","LowVeg"
7.63245646535754,82.2773866864271,10.0901568482154,"s2lam114_230617","LowVeg"
52.4417451660883,46.8021814576103,0.756073376301438,"s2lam114_230703","HighVeg"
82.3413431916205,9.09426987060998,8.56438693776956,"s2lam114_230711","HighVeg"
44.8421052631579,51.7894736842105,3.36842105263158,"s2lam114_230718","LowVeg"
99.4045403796055,0.0868378613075301,0.508621759086962,"s2lam114_230725","HighVeg"
99.9877255431447,0.0122744568552842,0,"s2lam114_230804","HighVeg"
99.9381800197824,0.0123639960435213,0.0494559841740851,"s2lam114_230811","HighVeg"
22.695210988739,74.9783442643237,2.32644474693726,"s2lam114_230819","LowVeg"
95.9383927462427,1.2793441808471,2.7822630729102,"s2lam114_230829","HighVeg"
13.1379610083199,83.1739724326338,3.68806655904632,"s2lam114_231004","LowVeg"
54.0784750587944,45.9215249412056,0,"s2lam114_231011","HighVeg"
17.9145045712874,39.5972325179145,42.4882629107981,"s2lam114_231020","Other"
35.1746346296755,54.1367351994055,10.688630170919,"s2lam114_231027","LowVeg"
99.4046142396428,0.0620193500372116,0.53336641032002,"s2lam114_231103","HighVeg"
100,0,0,"s2lam114_231110","HighVeg"
99.9011369253584,0.037073652990608,0.0617894216510133,"s2lam114_231117","HighVeg"
76.4574823616784,22.020051986632,1.52246565168957,"s2lam114_231125","HighVeg"
99.2401594419532,0.186846038863976,0.57299451918286,"s2lam114_231130","HighVeg"
0.148038490007402,98.3345669874167,1.51739452257587,"s2lam115_230714","LowVeg"
0,99.0861941220054,0.913805877994567,"s2lam115_230726","LowVeg"
0.23543990086741,99.7397769516729,0.0247831474597274,"s2lam115_230808","LowVeg"
0.434512725015518,99.2675356921167,0.297951582867784,"s2lam115_231010","LowVeg"
0.0871080139372822,98.6933797909408,1.21951219512195,"s2lam115_231019","LowVeg"
0.136324203742719,99.8512826868261,0.0123931094311563,"s2lam115_231106","LowVeg"
5.36821224894619,83.064716092239,11.5670716588148,"s2lam115_231114","LowVeg"
2.6355047240179,73.7568373943312,23.6076578816509,"s2lam116_230710","LowVeg"
0.22075055187638,80.4758400784891,19.3034093696345,"s2lam116_230807","LowVeg"
5.8960244648318,83.8776758409786,10.2262996941896,"s2lam116_230812","LowVeg"
18.2684088411283,65.4780803516913,16.2535108071804,"s2lam116_230822","LowVeg"
9.31366573204925,87.5533341460441,3.13300012190662,"s2lam116_231028","LowVeg"
0.382857848585896,96.949487464493,2.66765468692108,"s2lam116_231110","LowVeg"
5.97106424717999,54.2667974497303,39.7621383030897,"s2lam116_231117","LowVeg"
54.5297882816347,40.5096011816839,4.96061053668144,"s2lam117_230703","HighVeg"
0,97.3612487611497,2.63875123885035,"s2lam117_230725","LowVeg"
0.0374859427714607,99.1003373734849,0.862176683743596,"s2lam117_230802","LowVeg"
51.8578352180937,31.5148502547533,16.627314527153,"s2lam117_230809","HighVeg"
0,97.7614724536749,2.23852754632508,"s2lam117_230815","LowVeg"
4.33154412682561,75.3713643739858,20.2970914991886,"s2lam117_231005","LowVeg"
9.30661421194984,75.0799114826654,15.6134743053848,"s2lam117_231013","LowVeg"
0,95.8333333333333,4.16666666666667,"s2lam117_231025","LowVeg"
4.57816377171216,79.2307692307692,16.1910669975186,"s2lam117_231107","LowVeg"
0.0123594116920035,99.4438264738598,0.543814114448152,"s2lam117_231117","LowVeg"
43.3909102045817,49.0138429498959,7.59524684552248,"s2lam118_230703","LowVeg"
0.223075969760813,61.0236708390135,38.7532531912257,"s2lam118_230713","LowVeg"
0,99.3891797556719,0.610820244328098,"s2lam118_230802","LowVeg"
24.5814213072058,69.0065732357683,6.41200545702592,"s2lam118_230809","LowVeg"
0,94.6661693397986,5.33383066020142,"s2lam118_230815","LowVeg"
0,99.9875544492844,0.0124455507156192,"s2lam118_231001","LowVeg"
0,97.3802395209581,2.61976047904192,"s2lam118_231013","LowVeg"
0,99.8389494549058,0.161050545094153,"s2lam118_231025","LowVeg"
19.4827800571926,69.3770980977247,11.1401218450827,"s2lam118_231107","LowVeg"
33.2386363636364,64.2168972332016,2.54446640316206,"s2lam118_231117","LowVeg"
8.52722772277228,85.6064356435644,5.86633663366337,"s2lam118_231122","LowVeg"
0.0247494122014602,97.0424452419255,2.93280534587304,"s2lam119_230713","LowVeg"
0,97.5479876160991,2.45201238390093,"s2lam119_230725","LowVeg"
0,98.9876265466817,1.01237345331834,"s2lam119_230802","LowVeg"
71.3968136346795,14.869704828949,13.7334815363715,"s2lam119_230809","HighVeg"
4.44000997755051,75.1309553504615,20.429034671988,"s2lam119_230815","LowVeg"
0.0250344223307047,99.361622230567,0.613343347102266,"s2lam119_231001","LowVeg"
2.64669163545568,88.0649188514357,9.28838951310861,"s2lam119_231016","LowVeg"
0,98.5091455775495,1.49085442245051,"s2lam119_231026","LowVeg"
2.34200743494424,95.7620817843866,1.89591078066915,"s2lam119_231108","LowVeg"
28.2174556213018,70.5374753451676,1.24506903353057,"s2lam119_231117","LowVeg"
0.829824126826852,97.5476839237057,1.62249194946743,"s2lam120_230710","LowVeg"
1.04102878138396,85.4255970606246,13.5333741579914,"s2lam120_230807","LowVeg"
0.541938662396847,97.5612760192142,1.89678531838896,"s2lam120_230812","LowVeg"
2.46153846153846,89.6861538461538,7.85230769230769,"s2lam120_230820","LowVeg"
7.33341454501157,11.8406626872944,80.825922767694,"s2lam120_231117","Other"
0,98.6297987902728,1.37020120972719,"s2lam121_230727","LowVeg"
21.3856529736358,69.8467198038013,8.76762722256285,"s2lam121_230807","LowVeg"
0.1458257382428,63.1668489488395,36.6873253129177,"s2lam121_230813","LowVeg"
7.91749011857708,64.8097826086957,27.2727272727273,"s2lam121_230822","LowVeg"
12.3058103975535,71.7675840978593,15.9266055045872,"s2lam121_231028","LowVeg"
15.4148257241041,55.5964653902798,28.9887088856161,"s2lam121_231117","LowVeg"
0.147022788532223,75.3981867189414,24.4547904925263,"s2lam121_231125","LowVeg"
0.421522439871064,99.2809323084552,0.297545251673692,"s2lam122_230714","LowVeg"
0.0123578843302027,99.4315373208107,0.55610479485912,"s2lam122_230726","LowVeg"
3.3349863625093,95.6484006942723,1.01661294321845,"s2lam122_230808","LowVeg"
0.32067094227923,79.575727676369,20.1036013813518,"s2lam122_230822","LowVeg"
0.955334987593052,98.2133995037221,0.831265508684863,"s2lam122_231010","LowVeg"
0,99.480776362962,0.519223637037953,"s2lam122_231019","LowVeg"
14.3915997529339,78.9499691167387,6.65843113032736,"s2lam122_231106","LowVeg"
4.09102213379756,80.775926386471,15.1330514797314,"s2lam122_231114","LowVeg"
1.01309612058315,92.8712626637015,6.11564121571534,"s2lam123_230710","LowVeg"
1.34352274127943,97.0910883766794,1.56538888204117,"s2lam123_230812","LowVeg"
0.636474908200734,99.1064871481028,0.25703794369645,"s2lam123_230820","LowVeg"
0.036563071297989,25.8379037172456,74.1255332114564,"s2lam123_231010","Other"
0.561729148858224,95.8725119062156,3.56575894492612,"s2lam123_231016","LowVeg"
18.6829268292683,64.5609756097561,16.7560975609756,"s2lam123_231022","LowVeg"
0.563380281690141,89.3080220453154,10.1285976729945,"s2lam123_231028","LowVeg"
2.92737154150198,97.0479249011858,0.024703557312253,"s2lam123_231110","LowVeg"
7.94621026894866,12.640586797066,79.4132029339853,"s2lam123_231117","Other"
0.54127198917456,97.5027678681265,1.95596014269898,"s2lam123_231125","LowVeg"
0,80.0296223154777,19.9703776845223,"s2lam125_230713","LowVeg"
0,92.1712158808933,7.8287841191067,"s2lam125_230725","LowVeg"
0,94.5544554455445,5.44554455445545,"s2lam125_230803","LowVeg"
65.3812663266575,30.0659285980843,4.55280507525812,"s2lam125_230809","HighVeg"
0.199925028114457,81.9942521554417,17.8058228164438,"s2lam125_230815","LowVeg"
1.79327521793275,97.8829389788294,0.323785803237858,"s2lam125_231001","LowVeg"
0,100,0,"s2lam125_231014","LowVeg"
0,99.9500187429714,0.0499812570286143,"s2lam125_231026","LowVeg"
0,56.6546539082888,43.3453460917112,"s2lam125_231107","LowVeg"
64.648097488187,31.0619248943049,4.28997761750808,"s2lam125_231117","HighVeg"
8.47624922887107,91.3016656384948,0.222085132634176,"s2lam125_231122","LowVeg"
0.620655412115194,67.5769612711023,31.8023833167825,"s2lam126_230710","LowVeg"
5.91483617621794,54.2643269112775,39.8208369125046,"s2lam126_230807","LowVeg"
0.0122309197651663,98.091976516634,1.89579256360078,"s2lam126_230812","LowVeg"
4.15647921760391,62.8850855745721,32.958435207824,"s2lam126_230820","LowVeg"
1.36296660117878,96.9670923379175,1.66994106090373,"s2lam126_231010","LowVeg"
21.8385154233747,67.752242841342,10.4092417352833,"s2lam126_231016","LowVeg"
5.86202640997162,88.5721337776132,5.56583981241516,"s2lam126_231022","LowVeg"
2.70932941032242,93.8457766335663,3.44489395611132,"s2lam126_231029","LowVeg"
14.5623927433194,60.4682520225545,24.969355234126,"s2lam126_231117","LowVeg"
0.807453416149068,91.6149068322981,7.57763975155279,"s2lam127_230707","LowVeg"
0,99.9876237623762,0.0123762376237624,"s2lam127_230717","LowVeg"
0.087173100871731,99.06600249066,0.846824408468244,"s2lam127_230728","LowVeg"
0,81.637470493229,18.362529506771,"s2lam127_230811","LowVeg"
13.6391816491011,78.7476751394916,7.61314321140732,"s2lam127_230822","LowVeg"
0,86.3885429638854,13.6114570361146,"s2lam127_231005","LowVeg"
0,83.9846172931398,16.0153827068602,"s2lam127_231013","LowVeg"
0.123839009287926,94.6749226006192,5.20123839009288,"s2lam127_231025","LowVeg"
0,20.8437033349925,79.1562966650075,"s2lam127_231107","Other"
51.1380504700643,31.5561603166749,17.3057892132608,"s2lam127_231117","HighVeg"
3.57364437275096,92.6045415063904,3.82181412085867,"s2lam127_231122","LowVeg"
3.66197183098592,90.5939987752603,5.74402939375383,"s2lam128_230703","LowVeg"
0.0246396451891093,24.2577306886781,75.7176296661328,"s2lam128_230713","Other"
0,99.8637770897833,0.136222910216718,"s2lam128_230725","LowVeg"
0,99.8498874155617,0.150112584438329,"s2lam128_230802","LowVeg"
49.0186396741143,47.562029379089,3.41933094679669,"s2lam128_230809","HighVeg"
0,85.3036336485814,14.6963663514186,"s2lam128_230815","LowVeg"
0,98.5109815113538,1.48901848864623,"s2lam128_230930","LowVeg"
0.394525952410307,99.6054740475897,0,"s2lam128_231014","LowVeg"
0.0499438132101386,99.1759270820327,0.774129104757148,"s2lam128_231026","LowVeg"
0.0248416345795553,77.3941125326047,22.5810458328158,"s2lam128_231112","LowVeg"
6.50315867707172,89.012758577976,4.48408274495231,"s2lam128_231122","LowVeg"
38.0526577247889,59.4262295081967,2.52111276701441,"s2lam129_230717","LowVeg"
10.377358490566,56.8488115657927,32.7738299436413,"s2lam129_230807","LowVeg"
6.5148175361254,87.6561351947098,5.82904726916483,"s2lam129_230812","LowVeg"
0.513447432762836,89.0953545232274,10.3911980440098,"s2lam129_230820","LowVeg"
6.09279609279609,78.5470085470085,15.3601953601954,"s2lam129_231010","LowVeg"
0.171484566389025,98.358647721705,1.46986771190593,"s2lam129_231029","LowVeg"
6.49255552843544,23.3707590920185,70.136685379546,"s2lam129_231117","Other"
0.232103591497679,91.7175665770828,8.0503298314195,"s2lam129_231125","LowVeg"
0,85.9090345767753,14.0909654232247,"s2lam130_230713","LowVeg"
0.148478099480327,94.865132392972,4.98638950754764,"s2lam130_230725","LowVeg"
0.903689031938599,96.9794503589998,2.11686060906165,"s2lam130_230811","LowVeg"
0.346534653465347,44.8267326732673,54.8267326732673,"s2lam130_230821","Other"
1.83314627759072,87.0183314627759,11.1485222596334,"s2lam130_231005","LowVeg"
0,98.355754857997,1.64424514200299,"s2lam130_231013","LowVeg"
0,97.7331846897064,2.26681531029357,"s2lam130_231025","LowVeg"
0.4332219334076,44.8694145315014,54.697363535091,"s2lam130_231108","Other"
66.3531741121148,30.5407746566019,3.10605123128326,"s2lam130_231117","HighVeg"
16.8281614129768,80.5102416288483,2.66159695817491,"s2lam130_231130","LowVeg"
0,43.666374890584,56.333625109416,"s2lam130_231208","Other"
1.3393954288523,94.4949619071025,4.16564266404522,"s2lam131_230703","LowVeg"
0.0619271736437949,82.0287342085707,17.9093386177855,"s2lam131_230713","LowVeg"
0,99.7890033511232,0.210996648876753,"s2lam131_230725","LowVeg"
0,99.9500124968758,0.0499875031242189,"s2lam131_230802","LowVeg"
33.47316471314,64.0592227020358,2.46761258482418,"s2lam131_230809","LowVeg"
1.85924631894185,86.8729722984777,11.2677813825805,"s2lam131_230815","LowVeg"
18.9942743340802,72.0438137913866,8.96191187453323,"s2lam131_231001","LowVeg"
0.0247892910262766,99.9752107089737,0,"s2lam131_231014","LowVeg"
0.0624765712857678,97.7133574909409,2.22416593777334,"s2lam131_231026","LowVeg"
0.296589223924864,62.0242214532872,37.6791893227879,"s2lam131_231108","LowVeg"
50.3518084187137,45.8215035180842,3.82668806320207,"s2lam131_231117","HighVeg"
0.0989486703772418,97.6376004947434,2.26345083487941,"s2lam131_231203","LowVeg"
0.528710193040698,91.3439075371941,8.12738226976515,"s2lam132_230807","LowVeg"
0.0618658747834694,98.50284583024,1.43528829497649,"s2lam132_230822","LowVeg"
15.3714773697694,82.0422105648408,2.58631206538978,"s2lam132_231027","LowVeg"
6.67242229896399,85.5328071040947,7.79477059694129,"s2lam132_231108","LowVeg"
0.330356050409886,83.1151352012725,16.5545087483176,"s2lam132_231128","LowVeg"
0.0621735886595374,13.578711763243,86.3591146480975,"s2lam132_231208","Other"
4.49589611662379,79.0273183878476,16.4767854955286,"s2lam133_230808","LowVeg"
34.6764195388049,62.1993553186214,3.12422514257377,"s2lam133_231011","LowVeg"
44.1740412979351,40.117994100295,15.7079646017699,"s2lam133_231103","HighVeg"
40.2432969215492,54.9280039721946,4.82869910625621,"s2lam133_231115","LowVeg"
2.18592656269188,3.51221908387572,94.3018543534324,"s2lam133_231127","Other"
4.75611239508576,89.9282325751125,5.31565502980173,"s2lam134_230807","LowVeg"
23.0694156398682,64.2064169818226,12.7241673783091,"s2lam134_231027","LowVeg"
7.99769850402762,71.0778672803989,20.9244342155735,"s2lam134_231107","LowVeg"
1.06997909236256,94.6378059279301,4.29221497970729,"s2lam134_231128","LowVeg"
0,30.5034182722188,69.4965817277812,"s2lam134_231208","Other"
6.17451318708405,85.7653438501356,8.06014296278038,"s2lam135_230713","LowVeg"
0,92.0752847944527,7.9247152055473,"s2lam135_230725","LowVeg"
0,98.3610659326911,1.6389340673089,"s2lam135_230802","LowVeg"
66.7657992565056,30.0123915737299,3.22180916976456,"s2lam135_230809","HighVeg"
0.136866990170462,99.8133631952221,0.0497698146074406,"s2lam135_230815","LowVeg"
0,99.3323442136498,0.667655786350148,"s2lam135_230930","LowVeg"
0.111982082866741,98.9797188005475,0.908299116585791,"s2lam135_231016","LowVeg"
0,99.8506905561777,0.149309443822322,"s2lam135_231026","LowVeg"
5.90570719602978,79.1439205955335,14.9503722084367,"s2lam135_231107","LowVeg"
2.89168640159541,72.9153683160912,24.1929452823133,"s2lam136_230727","LowVeg"
3.16355197263955,16.2086234273849,80.6278245999756,"s2lam136_230807","Other"
2.55661066471877,72.0720720720721,25.3713172632092,"s2lam136_230813","LowVeg"
3.55110121257115,90.1509527344717,6.29794605295719,"s2lam136_230822","LowVeg"
5.17578125,91.56494140625,3.25927734375,"s2lam136_231010","LowVeg"
6.2476940105768,93.7154101586521,0.0368958307711229,"s2lam136_231016","LowVeg"
1.4294516327788,95.2310536044362,3.33949476278497,"s2lam136_231022","LowVeg"
3.19109915637608,95.6962953906345,1.11260545298936,"s2lam136_231028","LowVeg"
23.244043945192,74.3118133563758,2.44414269843229,"s2lam136_231110","LowVeg"
0.220507166482911,80.2646085997795,19.5148842337376,"s2lam136_231117","LowVeg"
10.3182374541004,69.7307221542228,19.9510403916769,"s2lam136_231125","LowVeg"
19.97542997543,76.8673218673219,3.15724815724816,"s2lam137_230703","LowVeg"
0,99.4005994005994,0.599400599400599,"s2lam137_230713","LowVeg"
0,95.0180146602062,4.98198533979376,"s2lam137_230725","LowVeg"
0.100112626705043,99.6996621198849,0.200225253410086,"s2lam137_230802","LowVeg"
57.7103380212189,36.0226992351345,6.26696274364668,"s2lam137_230809","HighVeg"
0.0497760079641613,72.1378795420607,27.8123444499751,"s2lam137_230815","LowVeg"
7.86140089418778,77.682563338301,14.4560357675112,"s2lam137_231003","LowVeg"
0.211574362165526,99.477286869944,0.311138767890479,"s2lam137_231011","LowVeg"
0,99.9750374438343,0.0249625561657514,"s2lam137_231026","LowVeg"
0,82.5683533341581,17.4316466658419,"s2lam137_231106","LowVeg"
0,95.9352606869286,4.06473931307141,"s2lam137_231117","LowVeg"
0.148404650012367,62.2186495176849,37.6329458323027,"s2lam137_231122","LowVeg"
0,98.3052959501558,1.69470404984424,"s2lam138_230713","LowVeg"
0,91.8228909718796,8.17710902812038,"s2lam138_230725","LowVeg"
0.0748689792862491,97.5418018467682,2.3833291739456,"s2lam138_230802","LowVeg"
0.359444719881011,92.7987109568666,6.84184432325235,"s2lam138_230809","LowVeg"
0.0249532127261385,94.8097317529632,5.16531503431067,"s2lam138_230815","LowVeg"
0,97.5597671249845,2.44023287501548,"s2lam138_230930","LowVeg"
0.697558545092177,99.265072247135,0.0373692077727952,"s2lam138_231011","LowVeg"
0,99.7265042267529,0.273495773247141,"s2lam138_231026","LowVeg"
0.0248169748107706,98.1883608388138,1.78682218637548,"s2lam138_231107","LowVeg"
62.5880608083055,33.3456927450253,4.06624644666914,"s2lam138_231117","HighVeg"
1.71097981290005,93.9561792220581,4.33284096504185,"s2lam138_231130","LowVeg"
0.373366521468575,0.261356565028002,99.3652769135034,"s2lam138_231208","Other"
87.2261418492388,9.88983785121921,2.88402029954202,"s2lam139_230718","HighVeg"
15.7167318982387,59.7358121330724,24.5474559686888,"s2lam139_230807","LowVeg"
1.61898965307365,62.1667681071211,36.2142422398052,"s2lam139_230813","LowVeg"
10.3729315880464,34.2800691528773,55.3469992590763,"s2lam139_230822","Other"
0.949796472184532,93.030714197607,6.01948933020846,"s2lam139_231009","LowVeg"
0.0123747061007301,95.4213587427299,4.56626655116941,"s2lam140_230727","LowVeg"
2.69574807008945,32.4592574439407,64.8449944859699,"s2lam140_230807","Other"
7.39419291338583,89.7022637795276,2.90354330708661,"s2lam140_230812","LowVeg"
2.12316861186988,64.0923764589024,33.7844549292277,"s2lam140_230822","LowVeg"
2.30483271375465,75.6877323420074,22.0074349442379,"s2lam140_231009","LowVeg"
4.12928597763303,17.50030723854,78.370406783827,"s2lam141_230807","Other"
0.183913683178028,75.0980872976949,24.717999019127,"s2lam141_230813","LowVeg"
12.3349633251834,71.760391198044,15.9046454767726,"s2lam141_230820","LowVeg"
0.38130381303813,87.9089790897909,11.709717097171,"s2lam141_231010","LowVeg"
84.9820921328887,3.11226380140793,11.9056440657033,"s2lam141_231020","HighVeg"
18.8052271313006,72.1468574984443,9.04791537025513,"s2lam142_230707","LowVeg"
0,99.9875807252856,0.0124192747143567,"s2lam142_230717","LowVeg"
0.0743034055727554,95.8390092879257,4.08668730650155,"s2lam142_230728","LowVeg"
0,63.6160159164387,36.3839840835613,"s2lam142_230812","LowVeg"
0.0866122246968572,45.2487008166295,54.6646869586736,"s2lam142_230821","Other"
0.124409056979348,99.813386414531,0.062204528489674,"s2lam142_231005","LowVeg"
0.0994159314030073,96.9181061265068,2.98247794209022,"s2lam142_231016","LowVeg"
0,99.2023928215354,0.797607178464606,"s2lam142_231026","LowVeg"
1.75003102891895,76.2442596499938,22.0057093210873,"s2lam142_231113","LowVeg"
43.1533742331288,49.0306748466258,7.8159509202454,"s2lam142_231130","LowVeg"
0,98.5323383084577,1.46766169154229,"s2lam143_230707","LowVeg"
1.78082191780822,97.8953922789539,0.323785803237858,"s2lam143_230717","LowVeg"
0.137414116177389,75.9150530918176,23.947532792005,"s2lam143_230728","LowVeg"
0.111842922828383,83.3354044985709,16.5527525786007,"s2lam143_230812","LowVeg"
0.347653339955302,73.019617581326,26.6327290787187,"s2lam143_230821","LowVeg"
0,96.0884778805299,3.91152211947013,"s2lam143_231005","LowVeg"
6.16598840794179,85.7565667776545,8.07744481440375,"s2lam143_231013","LowVeg"
0,99.8150431565968,0.184956843403206,"s2lam143_231025","LowVeg"
0.248601615910503,88.3903045369795,11.36109384711,"s2lam143_231106","LowVeg"
0.0991940483570986,45.331680099194,54.5691258524489,"s2lam143_231113","Other"
0,90.2758876654707,9.72411233452926,"s2lam144_230707","LowVeg"
0,99.9876068905688,0.0123931094311563,"s2lam144_230717","LowVeg"
0.324594257178527,96.8414481897628,2.83395755305868,"s2lam144_230728","LowVeg"
0.0989853996535511,71.1457560009898,28.7552585993566,"s2lam144_230812","LowVeg"
2.17337614225735,95.8878735490244,1.9387503087182,"s2lam144_230822","LowVeg"
0,94.5300845350572,5.46991546494281,"s2lam144_231005","LowVeg"
0,80.0964272468785,19.9035727531215,"s2lam144_231013","LowVeg"
0,89.2517517517518,10.7482482482482,"s2lam144_231026","LowVeg"
1.00934579439252,97.9439252336449,1.04672897196262,"s2lam144_231112","LowVeg"
56.7504598405886,37.0570202329859,6.19251992642551,"s2lam144_231130","HighVeg"
83.1726013847676,14.1938674579624,2.63353115727003,"s2lam145_230725","HighVeg"
89.2273402674591,4.84150569588905,5.93115403665181,"s2lam146_230718","HighVeg"
22.2738954840289,62.6728674580835,15.0532370578877,"s2lam146_230807","LowVeg"
68.6620587509257,23.0066650209825,8.33127622809183,"s2lam147_230721","HighVeg"
13.773865608728,82.9283411852219,3.29779320605009,"s2lam147_230818","LowVeg"
75.3956478733927,24.4807121661721,0.123639960435213,"s2lam147_231113","HighVeg"
28.5447993040885,70.7344351932397,0.720765502671803,"s2lam148_230712","LowVeg"
0.0493766201703493,97.6052339217381,2.34538945809159,"s2lam148_230727","LowVeg"
15.3186274509804,56.4828431372549,28.1985294117647,"s2lam148_230807","LowVeg"
0.353184752161734,91.5722810863476,8.07453416149068,"s2lam148_230813","LowVeg"
2.99744120872426,95.7719020348483,1.23065675642744,"s2lam148_230820","LowVeg"
0.851326341764343,97.7421344848859,1.40653917334978,"s2lam148_231009","LowVeg"
69.5345382520426,22.2703639514731,8.19509779648428,"s2lam148_231114","HighVeg"
0,99.1671845866998,0.832815413300186,"s2lam149_230707","LowVeg"
0.222965440356745,88.628762541806,11.1482720178372,"s2lam149_230812","LowVeg"
0.333168805528134,61.6979269496545,37.9689042448174,"s2lam149_230821","LowVeg"
0.0124424536518601,65.0491476919248,34.9384098544233,"s2lam149_231005","LowVeg"
0.161230311298524,80.7019719707305,19.136797717971,"s2lam149_231013","LowVeg"
0,99.9503167308409,0.0496832691591107,"s2lam149_231025","LowVeg"
0.11182902584493,83.536282306163,16.351888667992,"s2lam149_231107","LowVeg"
0,96.3100086387758,3.68999136122424,"s2lam149_231117","LowVeg"
3.50724996901723,59.7719667864667,36.720783244516,"s2lam149_231122","LowVeg"
38.5116851168512,58.0811808118081,3.40713407134071,"s2lam150_230721","LowVeg"
55.6927636453445,42.6648555198814,1.64238083477402,"s2lam150_230814","HighVeg"
13.7653326725313,82.938917110643,3.29575021682567,"s2lam150_231017","LowVeg"
41.4043285784555,54.0457452041318,4.54992621741269,"s2lam150_231113","LowVeg"
9.2948717948718,74.82741617357,15.8777120315582,"s2lam151_230713","LowVeg"
0,99.9752229930624,0.0247770069375619,"s2lam151_230725","LowVeg"
0,99.7388709276299,0.261129072370057,"s2lam151_230802","LowVeg"
0,98.0546663383403,1.94533366165969,"s2lam151_230809","LowVeg"
0.161611138736947,99.6146195922427,0.223769269020388,"s2lam151_230815","LowVeg"
0.0123441550425873,90.4826564621652,9.50499938279225,"s2lam151_230930","LowVeg"
0.299588066408688,96.7669454500062,2.93346648358507,"s2lam151_231016","LowVeg"
0,99.1129435282359,0.887056471764118,"s2lam151_231026","LowVeg"
4.1392985500062,30.0161110422605,65.8445904077333,"s2lam151_231107","Other"
0.421574705517669,92.8828270303782,6.69559826410415,"s2lam151_231117","LowVeg"
0.198068828918049,98.5516216885368,1.25030948254518,"s2lam151_231122","LowVeg"
17.8128103277061,80.9458788480636,1.24131082423039,"s2lam152_230712","LowVeg"
51.1838353787034,47.4277922399901,1.38837238130656,"s2lam152_230815","HighVeg"
72.3099703849951,25.1604146100691,2.52961500493583,"s2lam152_231109","HighVeg"
0.857675574891237,99.0428837787446,0.0994406463642014,"s2lam154_230717","LowVeg"
0.471522521404641,88.8199528477479,10.7085246308475,"s2lam154_230811","LowVeg"
19.4551561139445,69.2623460629432,11.2824978231123,"s2lam154_230822","LowVeg"
0,98.3983983983984,1.6016016016016,"s2lam154_231005","LowVeg"
0,99.488011988012,0.511988011988012,"s2lam154_231013","LowVeg"
0,94.8327137546468,5.16728624535316,"s2lam154_231025","LowVeg"
0.92695587690026,96.9719441354592,2.10109998764059,"s2lam154_231106","LowVeg"
0.360024829298572,73.3209186840472,26.3190564866543,"s2lam154_231113","LowVeg"
0,98.0645161290323,1.93548387096774,"s2lam155_230707","LowVeg"
0.383378679198615,99.6166213208014,0,"s2lam155_230717","LowVeg"
1.07138407873427,97.9444375233587,0.984178397907064,"s2lam155_230728","LowVeg"
0.0621272365805169,73.8444333996024,26.0934393638171,"s2lam155_230812","LowVeg"
0.533962498447783,73.6371538557059,25.8288836458463,"s2lam155_230821","LowVeg"
0,97.1983563690699,2.80164363093015,"s2lam155_231005","LowVeg"
0,84.1401510461805,15.8598489538195,"s2lam155_231013","LowVeg"
0,97.4578373015873,2.5421626984127,"s2lam155_231025","LowVeg"
0,84.1752513342435,15.8247486657565,"s2lam156_230713","LowVeg"
0,89.5092638958438,10.4907361041562,"s2lam156_230802","LowVeg"
0,20.6311587875764,79.3688412124236,"s2lam156_230812","Other"
4.62779156327543,79.6898263027295,15.682382133995,"s2lam156_230821","LowVeg"
18.5761957730812,81.3002101099988,0.123594116920035,"s2lam157_230712","LowVeg"
0.0370599135268684,92.4274243360099,7.53551575046325,"s2lam157_230727","LowVeg"
17.1844422700587,60.738747553816,22.0768101761252,"s2lam157_230807","LowVeg"
3.89737324373855,88.588882101405,7.51374465485644,"s2lam157_230812","LowVeg"
6.6617137196632,71.8548786527984,21.4834076275384,"s2lam157_230822","LowVeg"
2.39341810022438,74.71952131638,22.8870605833957,"s2lam157_231009","LowVeg"
9.85654217165471,86.2849369280237,3.85852090032154,"s2lam157_231109","LowVeg"
0.0250187640730548,99.3620215161371,0.612959719789842,"s2lam158_230707","LowVeg"
0.0494437577255871,99.9505562422744,0,"s2lam158_230717","LowVeg"
0,77.3816917153149,22.6183082846851,"s2lam158_230728","LowVeg"
0,56.5071472964574,43.4928527035426,"s2lam158_230812","LowVeg"
0,53.6851232503406,46.3148767496594,"s2lam158_230822","LowVeg"
0.39820806371329,88.2030861124938,11.3987058237929,"s2lam158_231005","LowVeg"
2.0266069874425,97.7620290936218,0.211363918935721,"s2lam158_231014","LowVeg"
0,99.3391521197007,0.660847880299252,"s2lam158_231026","LowVeg"
0.162297128589263,76.0674157303371,23.7702871410737,"s2lam158_231112","LowVeg"
4.99628068435408,73.4936771634019,21.510042152244,"s2lam158_231203","LowVeg"
1.28379212442908,93.3094679669177,5.40673990865325,"s2lam159_230713","LowVeg"
0,99.6913580246914,0.308641975308642,"s2lam159_230725","LowVeg"
0,99.9875124875125,0.0124875124875125,"s2lam159_230802","LowVeg"
65.3142008906482,29.7624938149431,4.92330529440871,"s2lam159_230809","HighVeg"
0.472754416521523,87.795471510326,11.7317740731525,"s2lam159_230815","LowVeg"
0,99.1179028450739,0.882097154926078,"s2lam159_231003","LowVeg"
0.012388503468781,96.6922695738355,3.29534192269574,"s2lam159_231013","LowVeg"
0,97.2925981122702,2.70740188772976,"s2lam159_231025","LowVeg"
0.0744786494538232,74.0069513406157,25.9185700099305,"s2lam159_231107","LowVeg"
2.90125762669655,93.0270202963516,4.07172207695181,"s2lam159_231122","LowVeg"
0.0495662949194548,97.4721189591078,2.47831474597274,"s2lam160_230707","LowVeg"
1.96419691695674,97.8244654400796,0.2113376429637,"s2lam160_230717","LowVeg"
2.625,88.05,9.325,"s2lam160_230728","LowVeg"
0,44.609849894554,55.390150105446,"s2lam160_230812","Other"
1.75111773472429,76.2791852955787,21.969696969697,"s2lam160_230821","LowVeg"
0.224747159445624,82.2324884504932,17.5427643900612,"s2lam160_231005","LowVeg"
0.210865790126519,99.7147109898288,0.0744232200446539,"s2lam160_231014","LowVeg"
0,99.7997997997998,0.2002002002002,"s2lam160_231026","LowVeg"
14.5253479125249,80.3056660039761,5.16898608349901,"s2lam160_231107","LowVeg"
65.0599431467062,29.9221357063404,5.01792114695341,"s2lam160_231117","HighVeg"
2.58577821979115,83.5280954748881,13.8861263053207,"s2lam160_231122","LowVeg"
97.5743251648215,0.584649832068665,1.84102500310984,"s2lam161_230718","HighVeg"
1.95068089804932,58.2014476751319,39.8478714268188,"s2lam161_230807","LowVeg"
41.1757546251217,51.0345666991237,7.78967867575463,"s2lam161_230820","LowVeg"
0.608695652173913,70.6459627329193,28.7453416149068,"s2lam161_231009","LowVeg"
21.7771752526497,77.6682277544984,0.554596992851861,"s2lam161_231109","LowVeg"
0.344912540034491,94.6908105444691,4.96427691549643,"s2lam162_230707","LowVeg"
0.878495421925266,95.0012373174957,4.12026726057906,"s2lam162_230714","LowVeg"
0,98.6656782802076,1.33432171979244,"s2lam162_230726","LowVeg"
0.347265285873744,94.2081111248915,5.44462358923478,"s2lam162_230808","LowVeg"
0.382291281292391,66.5433468985078,33.0743618201998,"s2lam162_230822","LowVeg"
0.123411082315192,98.3462914969764,1.53029742070838,"s2lam162_231010","LowVeg"
0.259965337954939,99.3067590987868,0.433275563258232,"s2lam162_231019","LowVeg"
0.867840317381602,99.0205802132408,0.111579469377635,"s2lam162_231106","LowVeg"
0.937577103380212,79.5830249198125,19.4793979768073,"s2lam162_231115","LowVeg"
8.66633366633367,90.7092907092907,0.624375624375624,"s2lam163_230712","LowVeg"
0.0247096614776378,98.838645910551,1.13664442797134,"s2lam163_230727","LowVeg"
10.2598676146114,62.576611914685,27.1635204707036,"s2lam163_230807","LowVeg"
1.70815031722792,69.3875061005369,28.9043435822352,"s2lam163_230813","LowVeg"
5.19385515727871,88.758839307486,6.04730553523531,"s2lam163_230820","LowVeg"
3.6544437538844,57.1286513362337,39.2169049098819,"s2lam163_231010","LowVeg"
14.7127856701668,78.5299567634342,6.75725756639901,"s2lam163_231109","LowVeg"
72.0680725120237,25.206560611666,2.72536687631027,"s2lam164_230725","HighVeg"
75.3770086526576,24.5364647713226,0.0865265760197775,"s2lam164_230815","HighVeg"
68.9595660749507,27.9339250493097,3.10650887573965,"s2lam164_231109","HighVeg"
87.5230939770908,11.9842345116394,0.492671511269861,"s2lam165_230725","HighVeg"
28.9667896678967,68.3271832718327,2.7060270602706,"s2lam165_231017","LowVeg"
67.2143298332304,29.4873378628783,3.29833230389129,"s2lam165_231109","HighVeg"
0.295712173484475,99.248398225727,0.455889600788566,"s2lam166_231122","LowVeg"
0,58.8242453748783,41.1757546251217,"s2lam167_231123","LowVeg"
0.837851158206013,95.1946771808773,3.96747166091671,"s2lam168_231122","LowVeg"
0,96.8091584459871,3.19084155401291,"s2lam169_231123","LowVeg"
2.28923076923077,95.0892307692308,2.62153846153846,"s2lam172_231124","LowVeg"
2.64426047201285,94.1307302607191,3.22500926726801,"s2lam173_231124","LowVeg"
4.50683413372737,93.3505725895826,2.14259327669006,"s2lam174_231124","LowVeg"
0.625997299619492,76.6417086043943,22.7322940959863,"s2lam175_231122","LowVeg"
1.83429767327342,90.508432845008,7.65726948171858,"s2lam176_231123","LowVeg"
35.5382137990834,57.4136008918618,7.04818530905487,"s2lam178_231123","LowVeg"
1.33168927250308,97.632552404439,1.03575832305795,"s2lam179_231124","LowVeg"
19.2567983265658,79.5865633074935,1.15663836594069,"s2lam180_231124","LowVeg"
5.70689017626032,93.4426229508197,0.850486872920005,"s2lam181_231124","LowVeg"
0.652950597511396,98.5093014660589,0.837747936429715,"s2lam182_231122","LowVeg"
0.0121758188238159,92.657981249239,7.32984293193717,"s2lam183_231123","LowVeg"
1.67425827896098,97.6978948664287,0.627846854610366,"s2lam184_231124","LowVeg"
3.84947563232572,91.2399753238741,4.91054904380012,"s2lam185_231123","LowVeg"
0.904472803865692,96.0847478627184,3.01077933341593,"s2lam186_231122","LowVeg"
2.64355096520349,93.3849747940489,3.97147424074757,"s2lam187_231123","LowVeg"
0.924328321419768,98.8661572590584,0.209514419521814,"s2lam188_231124","LowVeg"
6.99507389162562,87.3399014778325,5.66502463054187,"s2lam189_231123","LowVeg"
0.790806870134684,97.9982701099716,1.21092301989374,"s2lam190_231124","LowVeg"
0.295530107129664,81.1230144070927,18.5814554857776,"s2lam191_231122","LowVeg"
4.3676742751388,91.5731030228254,4.05922270203578,"s2lam192_231122","LowVeg"
26.0417954742179,71.8684308148881,2.08977371089403,"s2lam193_231124","LowVeg"
1.45895153313551,97.9723046488625,0.568743818001978,"s2lam194_231122","LowVeg"
